Time;Time(approx);Data Count;Event Type;Duration (s);Upright Bout Number;Upright Bout Duration (s);Num Steps;Cadence;Longest Straight Line Time (s);Straight Line Time (s) (>=15s,<30s);Straight Line Time (s) (>=30s,<45s);Straight Line Time (s) (>=45s,<60s);Straight Line Time (s) (>=60s);Cumulative Positive Height Change (m);Cumulative Negative Height Change (m)
45799.4592245370;2025-05-22 11:01:17;0;0;451.4;0;0.0;0;0;0.0;0.0;0.0;0.0;0.0;0.00;-0.00;
45799.4644490741;2025-05-22 11:08:48;4514;1;0.7;1;13.6;0;0;0.0;0.0;0.0;0.0;0.0;0.00;-0.00;
45799.4644571759;2025-05-22 11:08:49;4521;2;6.7;1;13.6;4;36;5.7;0.0;0.0;0.0;0.0;0.00;-0.00;
45799.4645347222;2025-05-22 11:08:56;4588;1;6.2;1;13.6;0;0;0.0;0.0;0.0;0.0;0.0;0.00;-0.00;
45799.4646064815;2025-05-22 11:09:02;4650;0;2183.5;0;0.0;0;0;0.0;0.0;0.0;0.0;0.0;0.00;-0.00;
45799.4898784722;2025-05-22 11:45:26;26485;1;0.4;2;60.2;0;0;0.0;0.0;0.0;0.0;0.0;0.00;-0.00;
45799.4898831019;2025-05-22 11:45:26;26489;2;19.5;2;60.2;16;49;9.3;0.0;0.0;0.0;0.0;0.00;-0.00;
45799.4901087963;2025-05-22 11:45:45;26684;1;8.0;2;60.2;0;0;0.0;0.0;0.0;0.0;0.0;0.00;-0.00;
45799.4902013889;2025-05-22 11:45:53;26764;2;14.9;2;60.2;12;48;5.8;0.0;0.0;0.0;0.0;0.00;-0.00;
45799.4903738426;2025-05-22 11:46:08;26913;1;11.3;2;60.2;0;0;0.0;0.0;0.0;0.0;0.0;0.00;-0.00;
45799.4905046296;2025-05-22 11:46:20;27026;2;2.7;2;60.2;2;44;0.0;0.0;0.0;0.0;0.0;0.00;-0.00;
45799.4905358796;2025-05-22 11:46:22;27053;1;3.4;2;60.2;0;0;0.0;0.0;0.0;0.0;0.0;0.00;-0.00;
45799.4905752315;2025-05-22 11:46:26;27087;0;430.5;0;0.0;0;0;0.0;0.0;0.0;0.0;0.0;0.00;-0.00;
45799.4955578704;2025-05-22 11:53:36;31392;1;1.7;3;28716.0;0;0;0.0;0.0;0.0;0.0;0.0;0.00;-0.00;
45799.4955775463;2025-05-22 11:53:38;31409;2;2.4;3;28716.0;4;100;0.9;0.0;0.0;0.0;0.0;0.00;-0.00;
45799.4956053241;2025-05-22 11:53:40;31433;1;48.5;3;28716.0;0;0;0.0;0.0;0.0;0.0;0.0;0.00;-0.00;
45799.4961666667;2025-05-22 11:54:29;31918;2;19.6;3;28716.0;28;86;9.7;0.0;0.0;0.0;0.0;0.00;-0.00;
45799.4963935185;2025-05-22 11:54:48;32114;1;1797.2;3;28716.0;0;0;0.0;0.0;0.0;0.0;0.0;0.00;-0.00;
45799.5171944444;2025-05-22 12:24:46;50086;2;42.4;3;28716.0;50;71;21.5;37.8;0.0;0.0;0.0;0.00;-0.94;
45799.5176851852;2025-05-22 12:25:28;50510;1;693.5;3;28716.0;0;0;0.0;0.0;0.0;0.0;0.0;0.00;-0.00;
45799.5257118056;2025-05-22 12:37:02;57445;2;20.1;3;28716.0;12;36;15.2;15.2;0.0;0.0;0.0;0.00;-0.00;
45799.5259444444;2025-05-22 12:37:22;57646;1;904.0;3;28716.0;0;0;0.0;0.0;0.0;0.0;0.0;0.00;-0.00;
45799.5364074074;2025-05-22 12:52:26;66686;2;54.8;3;28716.0;58;64;36.7;0.0;36.7;0.0;0.0;0.00;-0.00;
45799.5370416667;2025-05-22 12:53:20;67234;1;10.4;3;28716.0;0;0;0.0;0.0;0.0;0.0;0.0;0.00;-0.00;
45799.5371620370;2025-05-22 12:53:31;67338;2;3.4;3;28716.0;2;35;0.0;0.0;0.0;0.0;0.0;0.00;-0.00;
45799.5372013889;2025-05-22 12:53:34;67372;1;17.7;3;28716.0;0;0;0.0;0.0;0.0;0.0;0.0;0.00;-0.00;
45799.5374062500;2025-05-22 12:53:52;67549;2;12.6;3;28716.0;10;48;8.3;0.0;0.0;0.0;0.0;0.00;-0.00;
45799.5375520833;2025-05-22 12:54:05;67675;1;55.7;3;28716.0;0;0;0.0;0.0;0.0;0.0;0.0;0.00;-0.00;
45799.5381967593;2025-05-22 12:55:00;68232;2;6.7;3;28716.0;8;72;3.0;0.0;0.0;0.0;0.0;0.00;-0.00;
45799.5382743056;2025-05-22 12:55:07;68299;1;52.9;3;28716.0;0;0;0.0;0.0;0.0;0.0;0.0;0.00;-0.00;
45799.5388865741;2025-05-22 12:56:00;68828;2;5.5;3;28716.0;2;22;0.0;0.0;0.0;0.0;0.0;0.00;-0.00;
45799.5389502315;2025-05-22 12:56:05;68883;1;41.9;3;28716.0;0;0;0.0;0.0;0.0;0.0;0.0;0.00;-0.00;
45799.5394351852;2025-05-22 12:56:47;69302;2;10.2;3;28716.0;6;35;3.0;0.0;0.0;0.0;0.0;0.00;-0.00;
45799.5395532407;2025-05-22 12:56:57;69404;1;71.3;3;28716.0;0;0;0.0;0.0;0.0;0.0;0.0;0.00;-0.00;
45799.5403784722;2025-05-22 12:58:09;70117;2;4.7;3;28716.0;2;26;0.0;0.0;0.0;0.0;0.0;0.00;-0.00;
45799.5404328704;2025-05-22 12:58:13;70164;1;7.0;3;28716.0;0;0;0.0;0.0;0.0;0.0;0.0;0.00;-0.00;
45799.5405138889;2025-05-22 12:58:20;70234;2;6.2;3;28716.0;4;39;1.6;0.0;0.0;0.0;0.0;0.00;-0.00;
45799.5405856481;2025-05-22 12:58:27;70296;1;16470.7;3;28716.0;0;0;0.0;0.0;0.0;0.0;0.0;0.00;-0.00;
45799.7312187500;2025-05-22 17:32:57;235003;2;19.2;3;28716.0;24;75;8.9;0.0;0.0;0.0;0.0;0.00;-0.00;
45799.7314409722;2025-05-22 17:33:17;235195;1;121.7;3;28716.0;0;0;0.0;0.0;0.0;0.0;0.0;0.00;-0.00;
45799.7328495370;2025-05-22 17:35:18;236412;2;26.7;3;28716.0;32;72;24.1;24.1;0.0;0.0;0.0;0.00;-0.00;
45799.7331585648;2025-05-22 17:35:45;236679;1;1631.8;3;28716.0;0;0;0.0;0.0;0.0;0.0;0.0;0.00;-0.00;
45799.7520451389;2025-05-22 18:02:57;252997;2;19.9;3;28716.0;24;72;6.9;0.0;0.0;0.0;0.0;0.00;-0.00;
45799.7522754630;2025-05-22 18:03:17;253196;1;92.7;3;28716.0;0;0;0.0;0.0;0.0;0.0;0.0;0.00;-0.00;
45799.7533483796;2025-05-22 18:04:49;254123;2;8.1;3;28716.0;8;59;1.9;0.0;0.0;0.0;0.0;0.00;-0.00;
45799.7534421296;2025-05-22 18:04:57;254204;1;8.8;3;28716.0;0;0;0.0;0.0;0.0;0.0;0.0;0.00;-0.00;
45799.7535439815;2025-05-22 18:05:06;254292;2;27.0;3;28716.0;28;62;12.7;0.0;0.0;0.0;0.0;0.00;-0.00;
45799.7538564815;2025-05-22 18:05:33;254562;1;3571.2;3;28716.0;0;0;0.0;0.0;0.0;0.0;0.0;0.00;-0.00;
45799.7951898148;2025-05-22 19:05:04;290274;2;3.9;3;28716.0;2;31;0.0;0.0;0.0;0.0;0.0;0.00;-0.00;
45799.7952349537;2025-05-22 19:05:08;290313;1;20.5;3;28716.0;0;0;0.0;0.0;0.0;0.0;0.0;0.00;-0.00;
45799.7954722222;2025-05-22 19:05:29;290518;2;16.4;3;28716.0;12;44;6.3;0.0;0.0;0.0;0.0;0.00;-0.00;
45799.7956620370;2025-05-22 19:05:45;290682;1;1959.8;3;28716.0;0;0;0.0;0.0;0.0;0.0;0.0;0.00;-0.00;
45799.8183449074;2025-05-22 19:38:25;310280;2;5.8;3;28716.0;2;21;0.0;0.0;0.0;0.0;0.0;0.00;-0.00;
45799.8184120370;2025-05-22 19:38:31;310338;1;9.2;3;28716.0;0;0;0.0;0.0;0.0;0.0;0.0;0.00;-0.00;
45799.8185185185;2025-05-22 19:38:40;310430;2;13.4;3;28716.0;14;63;6.3;0.0;0.0;0.0;0.0;0.00;-0.00;
45799.8186736111;2025-05-22 19:38:53;310564;1;19.5;3;28716.0;0;0;0.0;0.0;0.0;0.0;0.0;0.00;-0.00;
45799.8188993056;2025-05-22 19:39:13;310759;2;5.3;3;28716.0;4;45;0.0;0.0;0.0;0.0;0.0;0.00;-0.00;
45799.8189606481;2025-05-22 19:39:18;310812;1;10.4;3;28716.0;0;0;0.0;0.0;0.0;0.0;0.0;0.00;-0.00;
45799.8190810185;2025-05-22 19:39:29;310916;2;4.8;3;28716.0;4;50;1.5;0.0;0.0;0.0;0.0;0.00;-0.00;
45799.8191365741;2025-05-22 19:39:33;310964;1;7.6;3;28716.0;0;0;0.0;0.0;0.0;0.0;0.0;0.00;-0.00;
45799.8192245370;2025-05-22 19:39:41;311040;2;1.4;3;28716.0;2;86;0.0;0.0;0.0;0.0;0.0;0.00;-0.00;
45799.8192407407;2025-05-22 19:39:42;311054;1;87.8;3;28716.0;0;0;0.0;0.0;0.0;0.0;0.0;0.00;-0.00;
45799.8202569444;2025-05-22 19:41:10;311932;2;7.2;3;28716.0;8;67;6.2;0.0;0.0;0.0;0.0;0.00;-0.00;
45799.8203402778;2025-05-22 19:41:17;312004;1;265.6;3;28716.0;0;0;0.0;0.0;0.0;0.0;0.0;0.00;-0.00;
45799.8234143518;2025-05-22 19:45:43;314660;2;5.3;3;28716.0;6;68;4.5;0.0;0.0;0.0;0.0;0.00;-0.00;
45799.8234756944;2025-05-22 19:45:48;314713;1;41.5;3;28716.0;0;0;0.0;0.0;0.0;0.0;0.0;0.00;-0.00;
45799.8239560185;2025-05-22 19:46:30;315128;2;21.8;3;28716.0;18;50;12.9;0.0;0.0;0.0;0.0;0.00;-0.00;
45799.8242083333;2025-05-22 19:46:52;315346;1;39.0;3;28716.0;0;0;0.0;0.0;0.0;0.0;0.0;0.00;-0.00;
45799.8246597222;2025-05-22 19:47:31;315736;2;4.5;3;28716.0;2;27;0.0;0.0;0.0;0.0;0.0;0.00;-0.00;
45799.8247118056;2025-05-22 19:47:35;315781;1;7.7;3;28716.0;0;0;0.0;0.0;0.0;0.0;0.0;0.00;-0.00;
45799.8248009259;2025-05-22 19:47:43;315858;2;6.7;3;28716.0;6;54;2.8;0.0;0.0;0.0;0.0;0.00;-0.00;
45799.8248784722;2025-05-22 19:47:50;315925;1;262.7;3;28716.0;0;0;0.0;0.0;0.0;0.0;0.0;0.00;-0.00;
45799.8279189815;2025-05-22 19:52:12;318552;4;29891.4;0;0.0;0;0;0.0;0.0;0.0;0.0;0.0;0.00;-0.00;
45800.1738842593;2025-05-23 04:10:24;617466;1;377.0;4;377.0;0;0;0.0;0.0;0.0;0.0;0.0;0.00;-0.00;
45800.1782476852;2025-05-23 04:16:41;621236;4;12157.2;0;0.0;0;0;0.0;0.0;0.0;0.0;0.0;0.00;-0.00;
45800.3189560185;2025-05-23 07:39:18;742808;1;608.0;5;2747.3;0;0;0.0;0.0;0.0;0.0;0.0;0.00;-0.00;
45800.3259930556;2025-05-23 07:49:26;748888;2;1.2;5;2747.3;2;100;0.0;0.0;0.0;0.0;0.0;0.00;-0.00;
45800.3260069444;2025-05-23 07:49:27;748900;1;386.8;5;2747.3;0;0;0.0;0.0;0.0;0.0;0.0;0.00;-0.00;
45800.3304837963;2025-05-23 07:55:54;752768;2;24.7;5;2747.3;24;58;9.3;0.0;0.0;0.0;0.0;0.00;-0.00;
45800.3307696759;2025-05-23 07:56:19;753015;1;8.6;5;2747.3;0;0;0.0;0.0;0.0;0.0;0.0;0.00;-0.00;
45800.3308692130;2025-05-23 07:56:27;753101;2;2.9;5;2747.3;4;83;1.5;0.0;0.0;0.0;0.0;0.00;-0.00;
45800.3309027778;2025-05-23 07:56:30;753130;1;7.0;5;2747.3;0;0;0.0;0.0;0.0;0.0;0.0;0.00;-0.00;
45800.3309837963;2025-05-23 07:56:37;753200;2;3.4;5;2747.3;2;35;0.0;0.0;0.0;0.0;0.0;0.00;-0.00;
45800.3310231481;2025-05-23 07:56:40;753234;1;358.1;5;2747.3;0;0;0.0;0.0;0.0;0.0;0.0;0.00;-0.00;
45800.3351678241;2025-05-23 08:02:39;756815;2;18.7;5;2747.3;24;77;7.7;0.0;0.0;0.0;0.0;0.00;-0.00;
45800.3353842593;2025-05-23 08:02:57;757002;1;120.5;5;2747.3;0;0;0.0;0.0;0.0;0.0;0.0;0.00;-0.00;
45800.3367789352;2025-05-23 08:04:58;758207;2;23.1;5;2747.3;24;62;10.9;0.0;0.0;0.0;0.0;0.00;-0.00;
45800.3370462963;2025-05-23 08:05:21;758438;1;717.0;5;2747.3;0;0;0.0;0.0;0.0;0.0;0.0;0.00;-0.00;
45800.3453449074;2025-05-23 08:17:18;765608;2;29.7;5;2747.3;24;48;17.8;17.8;0.0;0.0;0.0;0.00;-0.00;
45800.3456886574;2025-05-23 08:17:48;765905;1;170.5;5;2747.3;0;0;0.0;0.0;0.0;0.0;0.0;0.00;-0.00;
45800.3476620370;2025-05-23 08:20:38;767610;2;6.3;5;2747.3;6;57;5.4;0.0;0.0;0.0;0.0;0.00;-0.00;
45800.3477349537;2025-05-23 08:20:44;767673;1;9.7;5;2747.3;0;0;0.0;0.0;0.0;0.0;0.0;0.00;-0.00;
45800.3478472222;2025-05-23 08:20:54;767770;2;22.0;5;2747.3;22;60;6.5;0.0;0.0;0.0;0.0;0.00;-0.00;
45800.3481018519;2025-05-23 08:21:16;767990;1;69.1;5;2747.3;0;0;0.0;0.0;0.0;0.0;0.0;0.00;-0.00;
45800.3489016204;2025-05-23 08:22:25;768681;2;13.1;5;2747.3;6;27;7.7;0.0;0.0;0.0;0.0;0.00;-0.00;
45800.3490532407;2025-05-23 08:22:38;768812;1;7.2;5;2747.3;0;0;0.0;0.0;0.0;0.0;0.0;0.00;-0.00;
45800.3491365741;2025-05-23 08:22:45;768884;2;10.4;5;2747.3;6;35;6.8;0.0;0.0;0.0;0.0;0.00;-0.00;
45800.3492569444;2025-05-23 08:22:56;768988;1;104.1;5;2747.3;0;0;0.0;0.0;0.0;0.0;0.0;0.00;-0.00;
45800.3504618056;2025-05-23 08:24:40;770029;2;2.9;5;2747.3;2;41;0.0;0.0;0.0;0.0;0.0;0.00;-0.00;
45800.3504953704;2025-05-23 08:24:43;770058;1;22.3;5;2747.3;0;0;0.0;0.0;0.0;0.0;0.0;0.00;-0.00;
45800.3507534722;2025-05-23 08:25:05;770281;0;24.5;0;0.0;0;0;0.0;0.0;0.0;0.0;0.0;0.00;-0.00;
45800.3510370370;2025-05-23 08:25:30;770526;1;3537.0;6;30823.6;0;0;0.0;0.0;0.0;0.0;0.0;0.00;-0.00;
45800.3919745370;2025-05-23 09:24:27;805896;2;4.5;6;30823.6;2;27;0.0;0.0;0.0;0.0;0.0;0.00;-0.00;
45800.3920266204;2025-05-23 09:24:31;805941;1;1233.7;6;30823.6;0;0;0.0;0.0;0.0;0.0;0.0;0.00;-0.00;
45800.4063055556;2025-05-23 09:45:05;818278;2;2.9;6;30823.6;4;83;0.8;0.0;0.0;0.0;0.0;0.00;-0.00;
45800.4063391204;2025-05-23 09:45:08;818307;1;141.0;6;30823.6;0;0;0.0;0.0;0.0;0.0;0.0;0.00;-0.00;
45800.4079710648;2025-05-23 09:47:29;819717;2;9.7;6;30823.6;4;25;3.9;0.0;0.0;0.0;0.0;0.00;-0.00;
45800.4080833333;2025-05-23 09:47:38;819814;1;7.0;6;30823.6;0;0;0.0;0.0;0.0;0.0;0.0;0.00;-0.00;
45800.4081643519;2025-05-23 09:47:45;819884;2;27.7;6;30823.6;18;39;22.9;22.9;0.0;0.0;0.0;0.00;-0.00;
45800.4084849537;2025-05-23 09:48:13;820161;1;6.7;6;30823.6;0;0;0.0;0.0;0.0;0.0;0.0;0.00;-0.00;
45800.4085625000;2025-05-23 09:48:20;820228;2;28.5;6;30823.6;20;42;16.4;16.4;0.0;0.0;0.0;0.00;-0.00;
45800.4088923611;2025-05-23 09:48:48;820513;1;26.9;6;30823.6;0;0;0.0;0.0;0.0;0.0;0.0;0.00;-0.00;
45800.4092037037;2025-05-23 09:49:15;820782;2;8.8;6;30823.6;10;68;5.0;0.0;0.0;0.0;0.0;0.00;-0.00;
45800.4093055556;2025-05-23 09:49:24;820870;1;182.9;6;30823.6;0;0;0.0;0.0;0.0;0.0;0.0;0.00;-0.00;
45800.4114224537;2025-05-23 09:52:27;822699;2;5.3;6;30823.6;2;23;0.0;0.0;0.0;0.0;0.0;0.00;-0.00;
45800.4114837963;2025-05-23 09:52:32;822752;1;445.1;6;30823.6;0;0;0.0;0.0;0.0;0.0;0.0;0.00;-0.00;
45800.4166354167;2025-05-23 09:59:57;827203;2;4.6;6;30823.6;2;26;0.0;0.0;0.0;0.0;0.0;0.00;-0.00;
45800.4166886574;2025-05-23 10:00:02;827249;1;245.5;6;30823.6;0;0;0.0;0.0;0.0;0.0;0.0;0.00;-0.00;
45800.4195300926;2025-05-23 10:04:07;829704;2;6.2;6;30823.6;4;39;0.9;0.0;0.0;0.0;0.0;0.00;-0.00;
45800.4196018518;2025-05-23 10:04:14;829766;1;28.9;6;30823.6;0;0;0.0;0.0;0.0;0.0;0.0;0.00;-0.00;
45800.4199363426;2025-05-23 10:04:43;830055;2;137.3;6;30823.6;184;80;68.8;50.6;0.0;0.0;68.8;0.00;-0.00;
45800.4215254630;2025-05-23 10:07:00;831428;1;120.5;6;30823.6;0;0;0.0;0.0;0.0;0.0;0.0;0.00;-0.00;
45800.4229201389;2025-05-23 10:09:00;832633;2;7.6;6;30823.6;8;63;6.0;0.0;0.0;0.0;0.0;0.00;-0.00;
45800.4230081019;2025-05-23 10:09:08;832709;1;11.7;6;30823.6;0;0;0.0;0.0;0.0;0.0;0.0;0.00;-0.00;
45800.4231435185;2025-05-23 10:09:20;832826;2;9.6;6;30823.6;4;25;4.0;0.0;0.0;0.0;0.0;0.00;-0.00;
45800.4232546296;2025-05-23 10:09:29;832922;1;23.5;6;30823.6;0;0;0.0;0.0;0.0;0.0;0.0;0.00;-0.00;
45800.4235266204;2025-05-23 10:09:53;833157;2;1.7;6;30823.6;2;71;0.0;0.0;0.0;0.0;0.0;0.00;-0.00;
45800.4235462963;2025-05-23 10:09:54;833174;1;143.0;6;30823.6;0;0;0.0;0.0;0.0;0.0;0.0;0.00;-0.00;
45800.4252013889;2025-05-23 10:12:17;834604;2;7.2;6;30823.6;6;50;3.9;0.0;0.0;0.0;0.0;0.00;-0.00;
45800.4252847222;2025-05-23 10:12:25;834676;1;8.9;6;30823.6;0;0;0.0;0.0;0.0;0.0;0.0;0.00;-0.00;
45800.4253877315;2025-05-23 10:12:34;834765;2;2.7;6;30823.6;2;44;0.0;0.0;0.0;0.0;0.0;0.00;-0.00;
45800.4254189815;2025-05-23 10:12:36;834792;1;63.1;6;30823.6;0;0;0.0;0.0;0.0;0.0;0.0;0.00;-0.00;
45800.4261493056;2025-05-23 10:13:39;835423;2;3.4;6;30823.6;2;35;0.0;0.0;0.0;0.0;0.0;0.00;-0.00;
45800.4261886574;2025-05-23 10:13:43;835457;1;250.3;6;30823.6;0;0;0.0;0.0;0.0;0.0;0.0;0.00;-0.00;
45800.4290856481;2025-05-23 10:17:53;837960;2;1.8;6;30823.6;2;67;0.0;0.0;0.0;0.0;0.0;0.00;-0.00;
45800.4291064815;2025-05-23 10:17:55;837978;1;82.9;6;30823.6;0;0;0.0;0.0;0.0;0.0;0.0;0.00;-0.00;
45800.4300659722;2025-05-23 10:19:18;838807;2;1.9;6;30823.6;2;63;0.0;0.0;0.0;0.0;0.0;0.00;-0.00;
45800.4300879630;2025-05-23 10:19:20;838826;1;50.2;6;30823.6;0;0;0.0;0.0;0.0;0.0;0.0;0.00;-0.00;
45800.4306689815;2025-05-23 10:20:10;839328;2;3.7;6;30823.6;4;65;2.2;0.0;0.0;0.0;0.0;0.00;-0.00;
45800.4307118056;2025-05-23 10:20:14;839365;1;207.3;6;30823.6;0;0;0.0;0.0;0.0;0.0;0.0;0.00;-0.00;
45800.4331111111;2025-05-23 10:23:41;841438;2;1.6;6;30823.6;2;75;0.0;0.0;0.0;0.0;0.0;0.00;-0.00;
45800.4331296296;2025-05-23 10:23:42;841454;1;12.4;6;30823.6;0;0;0.0;0.0;0.0;0.0;0.0;0.00;-0.00;
45800.4332731481;2025-05-23 10:23:55;841578;2;2.6;6;30823.6;2;46;0.0;0.0;0.0;0.0;0.0;0.00;-0.00;
45800.4333032407;2025-05-23 10:23:57;841604;1;19.6;6;30823.6;0;0;0.0;0.0;0.0;0.0;0.0;0.00;-0.00;
45800.4335300926;2025-05-23 10:24:17;841800;2;2.5;6;30823.6;2;48;0.0;0.0;0.0;0.0;0.0;0.00;-0.00;
45800.4335590278;2025-05-23 10:24:20;841825;1;63.4;6;30823.6;0;0;0.0;0.0;0.0;0.0;0.0;0.00;-0.00;
45800.4342928241;2025-05-23 10:25:23;842459;2;6.3;6;30823.6;6;57;4.3;0.0;0.0;0.0;0.0;0.00;-0.00;
45800.4343657407;2025-05-23 10:25:29;842522;1;34.5;6;30823.6;0;0;0.0;0.0;0.0;0.0;0.0;0.00;-0.00;
45800.4347650463;2025-05-23 10:26:04;842867;2;5.4;6;30823.6;6;67;3.1;0.0;0.0;0.0;0.0;0.00;-0.00;
45800.4348275463;2025-05-23 10:26:09;842921;1;91.8;6;30823.6;0;0;0.0;0.0;0.0;0.0;0.0;0.00;-0.00;
45800.4358900463;2025-05-23 10:27:41;843839;2;8.1;6;30823.6;4;30;3.6;0.0;0.0;0.0;0.0;0.00;-0.00;
45800.4359837963;2025-05-23 10:27:49;843920;1;37.8;6;30823.6;0;0;0.0;0.0;0.0;0.0;0.0;0.00;-0.00;
45800.4364212963;2025-05-23 10:28:27;844298;2;1.8;6;30823.6;2;67;0.0;0.0;0.0;0.0;0.0;0.00;-0.00;
45800.4364421296;2025-05-23 10:28:29;844316;1;32.6;6;30823.6;0;0;0.0;0.0;0.0;0.0;0.0;0.00;-0.00;
45800.4368194444;2025-05-23 10:29:01;844642;2;2.6;6;30823.6;2;46;0.0;0.0;0.0;0.0;0.0;0.00;-0.00;
45800.4368495370;2025-05-23 10:29:04;844668;1;37.5;6;30823.6;0;0;0.0;0.0;0.0;0.0;0.0;0.00;-0.00;
45800.4372835648;2025-05-23 10:29:41;845043;2;34.8;6;30823.6;20;34;31.6;0.0;31.6;0.0;0.0;0.00;-0.00;
45800.4376863426;2025-05-23 10:30:16;845391;1;20.2;6;30823.6;0;0;0.0;0.0;0.0;0.0;0.0;0.00;-0.00;
45800.4379201389;2025-05-23 10:30:36;845593;2;0.7;6;30823.6;2;171;0.0;0.0;0.0;0.0;0.0;0.00;-0.00;
45800.4379282407;2025-05-23 10:30:37;845600;1;79.5;6;30823.6;0;0;0.0;0.0;0.0;0.0;0.0;0.00;-0.00;
45800.4388483796;2025-05-23 10:31:57;846395;2;1.6;6;30823.6;2;75;0.0;0.0;0.0;0.0;0.0;0.00;-0.00;
45800.4388668981;2025-05-23 10:31:58;846411;1;20.0;6;30823.6;0;0;0.0;0.0;0.0;0.0;0.0;0.00;-0.00;
45800.4390983796;2025-05-23 10:32:18;846611;2;10.0;6;30823.6;8;48;1.7;0.0;0.0;0.0;0.0;0.00;-0.00;
45800.4392141204;2025-05-23 10:32:28;846711;1;95.4;6;30823.6;0;0;0.0;0.0;0.0;0.0;0.0;0.00;-0.00;
45800.4403182870;2025-05-23 10:34:04;847665;2;6.5;6;30823.6;4;37;2.5;0.0;0.0;0.0;0.0;0.00;-0.00;
45800.4403935185;2025-05-23 10:34:10;847730;1;8.7;6;30823.6;0;0;0.0;0.0;0.0;0.0;0.0;0.00;-0.00;
45800.4404942130;2025-05-23 10:34:19;847817;2;21.3;6;30823.6;18;51;19.0;19.0;0.0;0.0;0.0;0.00;-0.00;
45800.4407407407;2025-05-23 10:34:40;848030;1;55.0;6;30823.6;0;0;0.0;0.0;0.0;0.0;0.0;0.00;-0.00;
45800.4413773148;2025-05-23 10:35:35;848580;2;11.6;6;30823.6;10;52;7.9;0.0;0.0;0.0;0.0;0.00;-0.00;
45800.4415115741;2025-05-23 10:35:47;848696;1;14.3;6;30823.6;0;0;0.0;0.0;0.0;0.0;0.0;0.00;-0.00;
45800.4416770833;2025-05-23 10:36:01;848839;2;16.8;6;30823.6;16;57;13.7;0.0;0.0;0.0;0.0;0.00;-0.00;
45800.4418715278;2025-05-23 10:36:18;849007;1;22.9;6;30823.6;0;0;0.0;0.0;0.0;0.0;0.0;0.00;-0.00;
45800.4421365741;2025-05-23 10:36:41;849236;2;1.7;6;30823.6;2;71;0.0;0.0;0.0;0.0;0.0;0.00;-0.00;
45800.4421562500;2025-05-23 10:36:42;849253;1;39.4;6;30823.6;0;0;0.0;0.0;0.0;0.0;0.0;0.00;-0.00;
45800.4426122685;2025-05-23 10:37:22;849647;2;1.9;6;30823.6;2;63;0.0;0.0;0.0;0.0;0.0;0.00;-0.00;
45800.4426342593;2025-05-23 10:37:24;849666;1;42.4;6;30823.6;0;0;0.0;0.0;0.0;0.0;0.0;0.00;-0.00;
45800.4431250000;2025-05-23 10:38:06;850090;2;5.1;6;30823.6;4;47;3.6;0.0;0.0;0.0;0.0;0.00;-0.00;
45800.4431840278;2025-05-23 10:38:11;850141;1;93.0;6;30823.6;0;0;0.0;0.0;0.0;0.0;0.0;0.00;-0.00;
45800.4442604167;2025-05-23 10:39:44;851071;2;11.1;6;30823.6;12;65;9.5;0.0;0.0;0.0;0.0;0.00;-0.00;
45800.4443888889;2025-05-23 10:39:55;851182;1;10.5;6;30823.6;0;0;0.0;0.0;0.0;0.0;0.0;0.00;-0.00;
45800.4445104167;2025-05-23 10:40:06;851287;2;1.5;6;30823.6;2;80;0.0;0.0;0.0;0.0;0.0;0.00;-0.00;
45800.4445277778;2025-05-23 10:40:07;851302;1;857.8;6;30823.6;0;0;0.0;0.0;0.0;0.0;0.0;0.00;-0.00;
45800.4544560185;2025-05-23 10:54:25;859880;2;148.1;6;30823.6;198;80;75.4;0.0;0.0;57.0;75.4;0.00;-0.00;
45800.4561701389;2025-05-23 10:56:53;861361;1;6.9;6;30823.6;0;0;0.0;0.0;0.0;0.0;0.0;0.00;-0.00;
45800.4562500000;2025-05-23 10:57:00;861430;2;2.3;6;30823.6;4;104;0.8;0.0;0.0;0.0;0.0;0.00;-0.00;
45800.4562766204;2025-05-23 10:57:02;861453;1;14.3;6;30823.6;0;0;0.0;0.0;0.0;0.0;0.0;0.00;-0.00;
45800.4564421296;2025-05-23 10:57:17;861596;2;1.7;6;30823.6;2;71;0.0;0.0;0.0;0.0;0.0;0.00;-0.00;
45800.4564618056;2025-05-23 10:57:18;861613;1;1106.4;6;30823.6;0;0;0.0;0.0;0.0;0.0;0.0;0.00;-0.00;
45800.4692673611;2025-05-23 11:15:45;872677;2;34.9;6;30823.6;32;55;29.8;29.8;0.0;0.0;0.0;0.00;-0.00;
45800.4696712963;2025-05-23 11:16:20;873026;1;13.9;6;30823.6;0;0;0.0;0.0;0.0;0.0;0.0;0.00;-0.00;
45800.4698321759;2025-05-23 11:16:34;873165;2;3.0;6;30823.6;4;80;1.4;0.0;0.0;0.0;0.0;0.00;-0.00;
45800.4698668982;2025-05-23 11:16:37;873195;1;7.6;6;30823.6;0;0;0.0;0.0;0.0;0.0;0.0;0.00;-0.00;
45800.4699548611;2025-05-23 11:16:44;873271;2;11.5;6;30823.6;6;31;5.9;0.0;0.0;0.0;0.0;0.00;-0.00;
45800.4700879630;2025-05-23 11:16:56;873386;1;899.7;6;30823.6;0;0;0.0;0.0;0.0;0.0;0.0;0.00;-0.00;
45800.4805011574;2025-05-23 11:31:55;882383;2;14.6;6;30823.6;20;82;1.6;0.0;0.0;0.0;0.0;0.00;-0.00;
45800.4806701389;2025-05-23 11:32:10;882529;1;58.5;6;30823.6;0;0;0.0;0.0;0.0;0.0;0.0;0.00;-0.00;
45800.4813472222;2025-05-23 11:33:08;883114;2;7.7;6;30823.6;6;47;2.5;0.0;0.0;0.0;0.0;0.00;-0.00;
45800.4814363426;2025-05-23 11:33:16;883191;1;497.0;6;30823.6;0;0;0.0;0.0;0.0;0.0;0.0;0.00;-0.00;
45800.4871886574;2025-05-23 11:41:33;888161;2;10.5;6;30823.6;6;34;5.5;0.0;0.0;0.0;0.0;0.00;-0.00;
45800.4873101852;2025-05-23 11:41:44;888266;1;92.3;6;30823.6;0;0;0.0;0.0;0.0;0.0;0.0;0.00;-0.00;
45800.4883784722;2025-05-23 11:43:16;889189;2;21.8;6;30823.6;12;33;10.0;0.0;0.0;0.0;0.0;0.00;-0.00;
45800.4886307870;2025-05-23 11:43:38;889407;1;5383.0;6;30823.6;0;0;0.0;0.0;0.0;0.0;0.0;0.00;-0.00;
45800.5509340278;2025-05-23 13:13:21;943237;2;8.0;6;30823.6;6;45;4.7;0.0;0.0;0.0;0.0;0.00;-0.00;
45800.5510266204;2025-05-23 13:13:29;943317;1;8.8;6;30823.6;0;0;0.0;0.0;0.0;0.0;0.0;0.00;-0.00;
45800.5511284722;2025-05-23 13:13:38;943405;2;10.2;6;30823.6;8;47;6.7;0.0;0.0;0.0;0.0;0.00;-0.00;
45800.5512465278;2025-05-23 13:13:48;943507;1;27.9;6;30823.6;0;0;0.0;0.0;0.0;0.0;0.0;0.00;-0.00;
45800.5515694444;2025-05-23 13:14:16;943786;2;1.8;6;30823.6;2;67;0.0;0.0;0.0;0.0;0.0;0.00;-0.00;
45800.5515902778;2025-05-23 13:14:17;943804;1;11.2;6;30823.6;0;0;0.0;0.0;0.0;0.0;0.0;0.00;-0.00;
45800.5517199074;2025-05-23 13:14:29;943916;2;1.7;6;30823.6;2;71;0.0;0.0;0.0;0.0;0.0;0.00;-0.00;
45800.5517395833;2025-05-23 13:14:30;943933;1;352.4;6;30823.6;0;0;0.0;0.0;0.0;0.0;0.0;0.00;-0.00;
45800.5558182870;2025-05-23 13:20:23;947457;2;7.1;6;30823.6;6;51;0.0;0.0;0.0;0.0;0.0;0.00;-0.00;
45800.5559004630;2025-05-23 13:20:30;947528;1;10.9;6;30823.6;0;0;0.0;0.0;0.0;0.0;0.0;0.00;-0.00;
45800.5560266204;2025-05-23 13:20:41;947637;2;15.5;6;30823.6;18;70;7.1;0.0;0.0;0.0;0.0;0.00;-0.00;
45800.5562060185;2025-05-23 13:20:56;947792;1;11776.9;6;30823.6;0;0;0.0;0.0;0.0;0.0;0.0;0.00;-0.00;
45800.6925127315;2025-05-23 16:37:13;1065561;2;4.9;6;30823.6;2;24;0.0;0.0;0.0;0.0;0.0;0.00;-0.00;
45800.6925694444;2025-05-23 16:37:18;1065610;1;634.0;6;30823.6;0;0;0.0;0.0;0.0;0.0;0.0;0.00;-0.00;
45800.6999074074;2025-05-23 16:47:52;1071950;2;26.5;6;30823.6;30;68;10.8;0.0;0.0;0.0;0.0;0.00;-0.00;
45800.7002141204;2025-05-23 16:48:19;1072215;1;61.6;6;30823.6;0;0;0.0;0.0;0.0;0.0;0.0;0.00;-0.00;
45800.7009270833;2025-05-23 16:49:20;1072831;2;22.0;6;30823.6;18;49;17.7;17.7;0.0;0.0;0.0;0.00;-0.00;
45800.7011817130;2025-05-23 16:49:42;1073051;1;70.4;6;30823.6;0;0;0.0;0.0;0.0;0.0;0.0;0.00;-0.00;
45800.7019965278;2025-05-23 16:50:53;1073755;2;12.5;6;30823.6;10;48;11.0;0.0;0.0;0.0;0.0;0.00;-0.00;
45800.7021412037;2025-05-23 16:51:05;1073880;1;30.2;6;30823.6;0;0;0.0;0.0;0.0;0.0;0.0;0.00;-0.00;
45800.7024907407;2025-05-23 16:51:35;1074182;2;7.9;6;30823.6;12;91;6.2;0.0;0.0;0.0;0.0;0.00;-0.00;
45800.7025821759;2025-05-23 16:51:43;1074261;1;118.6;6;30823.6;0;0;0.0;0.0;0.0;0.0;0.0;0.00;-0.00;
45800.7039548611;2025-05-23 16:53:42;1075447;2;14.6;6;30823.6;18;74;13.7;0.0;0.0;0.0;0.0;0.00;-0.00;
45800.7041238426;2025-05-23 16:53:56;1075593;1;12.3;6;30823.6;0;0;0.0;0.0;0.0;0.0;0.0;0.00;-0.00;
45800.7042662037;2025-05-23 16:54:09;1075716;2;16.4;6;30823.6;8;29;10.5;0.0;0.0;0.0;0.0;0.00;-0.00;
45800.7044560185;2025-05-23 16:54:25;1075880;1;21.6;6;30823.6;0;0;0.0;0.0;0.0;0.0;0.0;0.00;-0.00;
45800.7047060185;2025-05-23 16:54:47;1076096;2;5.8;6;30823.6;6;62;3.7;0.0;0.0;0.0;0.0;0.00;-0.00;
45800.7047731482;2025-05-23 16:54:52;1076154;1;117.7;6;30823.6;0;0;0.0;0.0;0.0;0.0;0.0;0.00;-0.00;
45800.7061354167;2025-05-23 16:56:50;1077331;2;14.4;6;30823.6;12;50;4.6;0.0;0.0;0.0;0.0;0.00;-0.00;
45800.7063020833;2025-05-23 16:57:05;1077475;1;48.3;6;30823.6;0;0;0.0;0.0;0.0;0.0;0.0;0.00;-0.00;
45800.7068611111;2025-05-23 16:57:53;1077958;2;3.6;6;30823.6;2;33;0.0;0.0;0.0;0.0;0.0;0.00;-0.00;
45800.7069027778;2025-05-23 16:57:56;1077994;1;14.5;6;30823.6;0;0;0.0;0.0;0.0;0.0;0.0;0.00;-0.00;
45800.7070706018;2025-05-23 16:58:11;1078139;2;1.2;6;30823.6;2;100;0.0;0.0;0.0;0.0;0.0;0.00;-0.00;
45800.7070844907;2025-05-23 16:58:12;1078151;1;61.1;6;30823.6;0;0;0.0;0.0;0.0;0.0;0.0;0.00;-0.00;
45800.7077916667;2025-05-23 16:59:13;1078762;4;11682.2;0;0.0;0;0;0.0;0.0;0.0;0.0;0.0;0.00;-0.00;
45800.8430023148;2025-05-23 20:13:55;1195584;1;24.6;7;24.6;0;0;0.0;0.0;0.0;0.0;0.0;0.00;-0.00;
45800.8432870370;2025-05-23 20:14:20;1195830;4;27663.0;0;0.0;0;0;0.0;0.0;0.0;0.0;0.0;0.00;-0.00;
45801.1634606481;2025-05-24 03:55:23;1472460;1;86.8;8;86.8;0;0;0.0;0.0;0.0;0.0;0.0;0.00;-0.00;
45801.1644652778;2025-05-24 03:56:50;1473328;4;13323.3;0;0.0;0;0;0.0;0.0;0.0;0.0;0.0;0.00;-0.00;
45801.3186701389;2025-05-24 07:38:53;1606561;1;392.7;9;8758.1;0;0;0.0;0.0;0.0;0.0;0.0;0.00;-0.00;
45801.3232152778;2025-05-24 07:45:26;1610488;2;5.8;9;8758.1;6;62;1.3;0.0;0.0;0.0;0.0;0.00;-0.00;
45801.3232824074;2025-05-24 07:45:32;1610546;1;91.2;9;8758.1;0;0;0.0;0.0;0.0;0.0;0.0;0.00;-0.00;
45801.3243379630;2025-05-24 07:47:03;1611458;2;8.3;9;8758.1;6;43;1.8;0.0;0.0;0.0;0.0;0.00;-0.00;
45801.3244340278;2025-05-24 07:47:11;1611541;1;78.7;9;8758.1;0;0;0.0;0.0;0.0;0.0;0.0;0.00;-0.00;
45801.3253449074;2025-05-24 07:48:30;1612328;2;1.4;9;8758.1;2;86;0.0;0.0;0.0;0.0;0.0;0.00;-0.00;
45801.3253611111;2025-05-24 07:48:31;1612342;1;7.2;9;8758.1;0;0;0.0;0.0;0.0;0.0;0.0;0.00;-0.00;
45801.3254444444;2025-05-24 07:48:38;1612414;2;12.6;9;8758.1;14;67;10.7;0.0;0.0;0.0;0.0;0.00;-0.00;
45801.3255902778;2025-05-24 07:48:51;1612540;1;4045.4;9;8758.1;0;0;0.0;0.0;0.0;0.0;0.0;0.00;-0.00;
45801.3724120370;2025-05-24 08:56:16;1652994;2;8.8;9;8758.1;12;82;1.9;0.0;0.0;0.0;0.0;0.00;-0.00;
45801.3725138889;2025-05-24 08:56:25;1653082;1;8.1;9;8758.1;0;0;0.0;0.0;0.0;0.0;0.0;0.00;-0.00;
45801.3726076389;2025-05-24 08:56:33;1653163;2;4.1;9;8758.1;2;29;0.0;0.0;0.0;0.0;0.0;0.00;-0.00;
45801.3726550926;2025-05-24 08:56:37;1653204;1;21.0;9;8758.1;0;0;0.0;0.0;0.0;0.0;0.0;0.00;-0.00;
45801.3728981481;2025-05-24 08:56:58;1653414;2;11.0;9;8758.1;14;76;6.3;0.0;0.0;0.0;0.0;0.00;-0.00;
45801.3730254630;2025-05-24 08:57:09;1653524;1;1470.0;9;8758.1;0;0;0.0;0.0;0.0;0.0;0.0;0.00;-0.00;
45801.3900393518;2025-05-24 09:21:39;1668224;2;20.8;9;8758.1;26;75;7.4;0.0;0.0;0.0;0.0;0.00;-0.00;
45801.3902800926;2025-05-24 09:22:00;1668432;1;15.9;9;8758.1;0;0;0.0;0.0;0.0;0.0;0.0;0.00;-0.00;
45801.3904641204;2025-05-24 09:22:16;1668591;2;2.5;9;8758.1;4;96;1.8;0.0;0.0;0.0;0.0;0.00;-0.00;
45801.3904930556;2025-05-24 09:22:19;1668616;1;24.5;9;8758.1;0;0;0.0;0.0;0.0;0.0;0.0;0.00;-0.00;
45801.3907766204;2025-05-24 09:22:43;1668861;2;3.0;9;8758.1;4;80;1.7;0.0;0.0;0.0;0.0;0.00;-0.00;
45801.3908113426;2025-05-24 09:22:46;1668891;1;8.2;9;8758.1;0;0;0.0;0.0;0.0;0.0;0.0;0.00;-0.00;
45801.3909062500;2025-05-24 09:22:54;1668973;2;21.6;9;8758.1;24;67;13.8;0.0;0.0;0.0;0.0;0.00;-0.00;
45801.3911562500;2025-05-24 09:23:16;1669189;1;1959.7;9;8758.1;0;0;0.0;0.0;0.0;0.0;0.0;0.00;-0.00;
45801.4138379630;2025-05-24 09:55:56;1688786;2;4.6;9;8758.1;6;78;1.5;0.0;0.0;0.0;0.0;0.00;-0.00;
45801.4138912037;2025-05-24 09:56:00;1688832;1;26.3;9;8758.1;0;0;0.0;0.0;0.0;0.0;0.0;0.00;-0.00;
45801.4141956019;2025-05-24 09:56:27;1689095;2;3.3;9;8758.1;2;36;0.0;0.0;0.0;0.0;0.0;0.00;-0.00;
45801.4142337963;2025-05-24 09:56:30;1689128;1;501.4;9;8758.1;0;0;0.0;0.0;0.0;0.0;0.0;0.00;-0.00;
45801.4200370370;2025-05-24 10:04:51;1694142;0;9402.8;0;0.0;0;0;0.0;0.0;0.0;0.0;0.0;0.00;-0.00;
45801.5288657407;2025-05-24 12:41:34;1788170;1;5.7;10;19307.2;0;0;0.0;0.0;0.0;0.0;0.0;0.00;-0.00;
45801.5289317130;2025-05-24 12:41:40;1788227;2;0.7;10;19307.2;2;171;0.0;0.0;0.0;0.0;0.0;0.00;-0.00;
45801.5289398148;2025-05-24 12:41:40;1788234;1;3627.9;10;19307.2;0;0;0.0;0.0;0.0;0.0;0.0;0.00;-0.00;
45801.5709293981;2025-05-24 13:42:08;1824513;2;23.1;10;19307.2;20;52;9.3;0.0;0.0;0.0;0.0;0.00;-0.00;
45801.5711967593;2025-05-24 13:42:31;1824744;1;55.9;10;19307.2;0;0;0.0;0.0;0.0;0.0;0.0;0.00;-0.00;
45801.5718437500;2025-05-24 13:43:27;1825303;2;11.2;10;19307.2;8;43;6.1;0.0;0.0;0.0;0.0;0.00;-0.00;
45801.5719733796;2025-05-24 13:43:39;1825415;1;218.4;10;19307.2;0;0;0.0;0.0;0.0;0.0;0.0;0.00;-0.00;
45801.5745011574;2025-05-24 13:47:17;1827599;2;1.6;10;19307.2;2;75;0.0;0.0;0.0;0.0;0.0;0.00;-0.00;
45801.5745196759;2025-05-24 13:47:19;1827615;1;9.4;10;19307.2;0;0;0.0;0.0;0.0;0.0;0.0;0.00;-0.00;
45801.5746284722;2025-05-24 13:47:28;1827709;2;0.7;10;19307.2;2;171;0.0;0.0;0.0;0.0;0.0;0.00;-0.00;
45801.5746365741;2025-05-24 13:47:29;1827716;1;116.0;10;19307.2;0;0;0.0;0.0;0.0;0.0;0.0;0.00;-0.00;
45801.5759791667;2025-05-24 13:49:25;1828876;2;8.9;10;19307.2;8;54;7.1;0.0;0.0;0.0;0.0;0.00;-0.00;
45801.5760821759;2025-05-24 13:49:34;1828965;1;36.4;10;19307.2;0;0;0.0;0.0;0.0;0.0;0.0;0.00;-0.00;
45801.5765034722;2025-05-24 13:50:10;1829329;2;23.7;10;19307.2;26;66;11.4;0.0;0.0;0.0;0.0;0.00;-0.00;
45801.5767777778;2025-05-24 13:50:34;1829566;1;2539.3;10;19307.2;0;0;0.0;0.0;0.0;0.0;0.0;0.00;-0.00;
45801.6061678241;2025-05-24 14:32:53;1854959;2;18.5;10;19307.2;16;52;6.7;0.0;0.0;0.0;0.0;0.00;-0.00;
45801.6063819444;2025-05-24 14:33:11;1855144;1;287.0;10;19307.2;0;0;0.0;0.0;0.0;0.0;0.0;0.00;-0.00;
45801.6097037037;2025-05-24 14:37:58;1858014;2;6.2;10;19307.2;8;77;1.8;0.0;0.0;0.0;0.0;0.00;-0.00;
45801.6097754630;2025-05-24 14:38:05;1858076;1;8.5;10;19307.2;0;0;0.0;0.0;0.0;0.0;0.0;0.00;-0.00;
45801.6098738426;2025-05-24 14:38:13;1858161;2;16.5;10;19307.2;20;73;7.8;0.0;0.0;0.0;0.0;0.00;-0.00;
45801.6100648148;2025-05-24 14:38:30;1858326;1;3426.6;10;19307.2;0;0;0.0;0.0;0.0;0.0;0.0;0.00;-0.00;
45801.6497245370;2025-05-24 15:35:36;1892592;2;16.2;10;19307.2;18;67;10.2;0.0;0.0;0.0;0.0;0.00;-0.00;
45801.6499120370;2025-05-24 15:35:52;1892754;1;27.7;10;19307.2;0;0;0.0;0.0;0.0;0.0;0.0;0.00;-0.00;
45801.6502326389;2025-05-24 15:36:20;1893031;2;1.8;10;19307.2;2;67;0.0;0.0;0.0;0.0;0.0;0.00;-0.00;
45801.6502534722;2025-05-24 15:36:22;1893049;1;9.1;10;19307.2;0;0;0.0;0.0;0.0;0.0;0.0;0.00;-0.00;
45801.6503587963;2025-05-24 15:36:31;1893140;2;5.5;10;19307.2;4;44;2.0;0.0;0.0;0.0;0.0;0.00;-0.00;
45801.6504224537;2025-05-24 15:36:37;1893195;1;164.6;10;19307.2;0;0;0.0;0.0;0.0;0.0;0.0;0.00;-0.00;
45801.6523275463;2025-05-24 15:39:21;1894841;2;5.9;10;19307.2;10;102;1.8;0.0;0.0;0.0;0.0;0.00;-0.00;
45801.6523958333;2025-05-24 15:39:27;1894900;1;11.6;10;19307.2;0;0;0.0;0.0;0.0;0.0;0.0;0.00;-0.00;
45801.6525300926;2025-05-24 15:39:39;1895016;2;17.9;10;19307.2;22;74;8.5;0.0;0.0;0.0;0.0;0.00;-0.00;
45801.6527372685;2025-05-24 15:39:57;1895195;1;3094.4;10;19307.2;0;0;0.0;0.0;0.0;0.0;0.0;0.00;-0.00;
45801.6885520833;2025-05-24 16:31:31;1926139;2;5.0;10;19307.2;6;72;4.3;0.0;0.0;0.0;0.0;0.00;-0.00;
45801.6886099537;2025-05-24 16:31:36;1926189;1;410.5;10;19307.2;0;0;0.0;0.0;0.0;0.0;0.0;0.00;-0.00;
45801.6933611111;2025-05-24 16:38:26;1930294;2;3.3;10;19307.2;4;73;1.7;0.0;0.0;0.0;0.0;0.00;-0.00;
45801.6933993056;2025-05-24 16:38:30;1930327;1;10.6;10;19307.2;0;0;0.0;0.0;0.0;0.0;0.0;0.00;-0.00;
45801.6935219907;2025-05-24 16:38:40;1930433;2;4.4;10;19307.2;2;27;0.0;0.0;0.0;0.0;0.0;0.00;-0.00;
45801.6935729167;2025-05-24 16:38:45;1930477;1;4377.8;10;19307.2;0;0;0.0;0.0;0.0;0.0;0.0;0.00;-0.00;
45801.7442418981;2025-05-24 17:51:43;1974255;2;14.4;10;19307.2;20;83;5.8;0.0;0.0;0.0;0.0;0.00;-0.00;
45801.7444085648;2025-05-24 17:51:57;1974399;1;7.6;10;19307.2;0;0;0.0;0.0;0.0;0.0;0.0;0.00;-0.00;
45801.7444965278;2025-05-24 17:52:05;1974475;2;8.2;10;19307.2;8;59;3.6;0.0;0.0;0.0;0.0;0.00;-0.00;
45801.7445914352;2025-05-24 17:52:13;1974557;1;96.5;10;19307.2;0;0;0.0;0.0;0.0;0.0;0.0;0.00;-0.00;
45801.7457083333;2025-05-24 17:53:49;1975522;2;8.7;10;19307.2;8;55;7.6;0.0;0.0;0.0;0.0;0.00;-0.00;
45801.7458090278;2025-05-24 17:53:58;1975609;1;105.1;10;19307.2;0;0;0.0;0.0;0.0;0.0;0.0;0.00;-0.00;
45801.7470254630;2025-05-24 17:55:43;1976660;2;3.0;10;19307.2;4;80;1.5;0.0;0.0;0.0;0.0;0.00;-0.00;
45801.7470601852;2025-05-24 17:55:46;1976690;1;12.4;10;19307.2;0;0;0.0;0.0;0.0;0.0;0.0;0.00;-0.00;
45801.7472037037;2025-05-24 17:55:58;1976814;2;6.9;10;19307.2;4;35;2.1;0.0;0.0;0.0;0.0;0.00;-0.00;
45801.7472835648;2025-05-24 17:56:05;1976883;1;61.6;10;19307.2;0;0;0.0;0.0;0.0;0.0;0.0;0.00;-0.00;
45801.7479965278;2025-05-24 17:57:07;1977499;2;7.7;10;19307.2;8;62;6.0;0.0;0.0;0.0;0.0;0.00;-0.00;
45801.7480856481;2025-05-24 17:57:15;1977576;1;197.6;10;19307.2;0;0;0.0;0.0;0.0;0.0;0.0;0.00;-0.00;
45801.7503726852;2025-05-24 18:00:32;1979552;2;10.3;10;19307.2;12;70;3.4;0.0;0.0;0.0;0.0;0.00;-0.00;
45801.7504918982;2025-05-24 18:00:43;1979655;1;158.7;10;19307.2;0;0;0.0;0.0;0.0;0.0;0.0;0.00;-0.00;
45801.7523287037;2025-05-24 18:03:21;1981242;4;11155.8;0;0.0;0;0;0.0;0.0;0.0;0.0;0.0;0.00;-0.00;
45801.8814467593;2025-05-24 21:09:17;2092800;1;54.8;11;54.8;0;0;0.0;0.0;0.0;0.0;0.0;0.00;-0.00;
45801.8820810185;2025-05-24 21:10:12;2093348;4;1910.9;0;0.0;0;0;0.0;0.0;0.0;0.0;0.0;0.00;-0.00;
45801.9041979167;2025-05-24 21:42:03;2112457;1;468.5;12;468.5;0;0;0.0;0.0;0.0;0.0;0.0;0.00;-0.00;
45801.9096203704;2025-05-24 21:49:51;2117142;4;7719.2;0;0.0;0;0;0.0;0.0;0.0;0.0;0.0;0.00;-0.00;
45801.9989629630;2025-05-24 23:58:30;2194334;1;309.7;13;309.7;0;0;0.0;0.0;0.0;0.0;0.0;0.00;-0.00;
45802.0025474537;2025-05-25 00:03:40;2197431;4;12012.8;0;0.0;0;0;0.0;0.0;0.0;0.0;0.0;0.00;-0.00;
45802.1415844907;2025-05-25 03:23:53;2317559;1;824.4;14;824.4;0;0;0.0;0.0;0.0;0.0;0.0;0.00;-0.00;
45802.1511261574;2025-05-25 03:37:37;2325803;4;16422.0;0;0.0;0;0;0.0;0.0;0.0;0.0;0.0;0.00;-0.00;
45802.3411956019;2025-05-25 08:11:19;2490023;1;85.1;15;37266.2;0;0;0.0;0.0;0.0;0.0;0.0;0.00;-0.00;
45802.3421805556;2025-05-25 08:12:44;2490874;2;2.6;15;37266.2;4;92;1.3;0.0;0.0;0.0;0.0;0.00;-0.00;
45802.3422106481;2025-05-25 08:12:47;2490900;1;36.3;15;37266.2;0;0;0.0;0.0;0.0;0.0;0.0;0.00;-0.00;
45802.3426307870;2025-05-25 08:13:23;2491263;2;4.1;15;37266.2;4;59;1.1;0.0;0.0;0.0;0.0;0.00;-0.00;
45802.3426782407;2025-05-25 08:13:27;2491304;1;47.9;15;37266.2;0;0;0.0;0.0;0.0;0.0;0.0;0.00;-0.00;
45802.3432326389;2025-05-25 08:14:15;2491783;2;3.4;15;37266.2;2;35;0.0;0.0;0.0;0.0;0.0;0.00;-0.00;
45802.3432719907;2025-05-25 08:14:19;2491817;1;84.2;15;37266.2;0;0;0.0;0.0;0.0;0.0;0.0;0.00;-0.00;
45802.3442465278;2025-05-25 08:15:43;2492659;2;8.0;15;37266.2;8;60;4.4;0.0;0.0;0.0;0.0;0.00;-0.00;
45802.3443391204;2025-05-25 08:15:51;2492739;1;64.7;15;37266.2;0;0;0.0;0.0;0.0;0.0;0.0;0.00;-0.00;
45802.3450879630;2025-05-25 08:16:56;2493386;2;6.6;15;37266.2;6;55;3.4;0.0;0.0;0.0;0.0;0.00;-0.00;
45802.3451643518;2025-05-25 08:17:02;2493452;1;10.9;15;37266.2;0;0;0.0;0.0;0.0;0.0;0.0;0.00;-0.00;
45802.3452905093;2025-05-25 08:17:13;2493561;2;2.7;15;37266.2;2;44;0.0;0.0;0.0;0.0;0.0;0.00;-0.00;
45802.3453217593;2025-05-25 08:17:16;2493588;1;35.8;15;37266.2;0;0;0.0;0.0;0.0;0.0;0.0;0.00;-0.00;
45802.3457361111;2025-05-25 08:17:52;2493946;2;5.9;15;37266.2;4;41;4.2;0.0;0.0;0.0;0.0;0.00;-0.00;
45802.3458043981;2025-05-25 08:17:58;2494005;1;8.4;15;37266.2;0;0;0.0;0.0;0.0;0.0;0.0;0.00;-0.00;
45802.3459016204;2025-05-25 08:18:06;2494089;2;2.6;15;37266.2;2;46;0.0;0.0;0.0;0.0;0.0;0.00;-0.00;
45802.3459317130;2025-05-25 08:18:09;2494115;1;47.6;15;37266.2;0;0;0.0;0.0;0.0;0.0;0.0;0.00;-0.00;
45802.3464826389;2025-05-25 08:18:56;2494591;2;0.9;15;37266.2;2;133;0.0;0.0;0.0;0.0;0.0;0.00;-0.00;
45802.3464930556;2025-05-25 08:18:57;2494600;1;61.0;15;37266.2;0;0;0.0;0.0;0.0;0.0;0.0;0.00;-0.00;
45802.3471990741;2025-05-25 08:19:58;2495210;2;9.0;15;37266.2;8;53;7.6;0.0;0.0;0.0;0.0;0.00;-0.00;
45802.3473032407;2025-05-25 08:20:07;2495300;1;6.9;15;37266.2;0;0;0.0;0.0;0.0;0.0;0.0;0.00;-0.00;
45802.3473831018;2025-05-25 08:20:14;2495369;2;15.8;15;37266.2;16;61;12.6;0.0;0.0;0.0;0.0;0.00;-0.00;
45802.3475659722;2025-05-25 08:20:30;2495527;1;1432.1;15;37266.2;0;0;0.0;0.0;0.0;0.0;0.0;0.00;-0.00;
45802.3641412037;2025-05-25 08:44:22;2509848;2;4.5;15;37266.2;2;27;0.0;0.0;0.0;0.0;0.0;0.00;-0.00;
45802.3641932870;2025-05-25 08:44:26;2509893;1;24.3;15;37266.2;0;0;0.0;0.0;0.0;0.0;0.0;0.00;-0.00;
45802.3644745370;2025-05-25 08:44:51;2510136;2;25.3;15;37266.2;16;38;12.4;0.0;0.0;0.0;0.0;0.00;-0.00;
45802.3647673611;2025-05-25 08:45:16;2510389;1;122.8;15;37266.2;0;0;0.0;0.0;0.0;0.0;0.0;0.00;-0.00;
45802.3661886574;2025-05-25 08:47:19;2511617;2;1.5;15;37266.2;2;80;0.0;0.0;0.0;0.0;0.0;0.00;-0.00;
45802.3662060185;2025-05-25 08:47:20;2511632;1;51.2;15;37266.2;0;0;0.0;0.0;0.0;0.0;0.0;0.00;-0.00;
45802.3667986111;2025-05-25 08:48:11;2512144;2;3.5;15;37266.2;2;34;0.0;0.0;0.0;0.0;0.0;0.00;-0.00;
45802.3668391204;2025-05-25 08:48:15;2512179;1;44.1;15;37266.2;0;0;0.0;0.0;0.0;0.0;0.0;0.00;-0.00;
45802.3673495370;2025-05-25 08:48:59;2512620;2;23.7;15;37266.2;26;66;10.2;0.0;0.0;0.0;0.0;0.00;-0.00;
45802.3676238426;2025-05-25 08:49:23;2512857;1;1467.2;15;37266.2;0;0;0.0;0.0;0.0;0.0;0.0;0.00;-0.00;
45802.3846053241;2025-05-25 09:13:50;2527529;2;19.9;15;37266.2;30;90;14.6;0.0;0.0;0.0;0.0;0.00;-0.00;
45802.3848356481;2025-05-25 09:14:10;2527728;1;92.1;15;37266.2;0;0;0.0;0.0;0.0;0.0;0.0;0.00;-0.00;
45802.3859016204;2025-05-25 09:15:42;2528649;2;22.1;15;37266.2;34;92;10.1;0.0;0.0;0.0;0.0;0.00;-0.00;
45802.3861574074;2025-05-25 09:16:04;2528870;1;2767.5;15;37266.2;0;0;0.0;0.0;0.0;0.0;0.0;0.00;-0.00;
45802.4181886574;2025-05-25 10:02:12;2556545;2;19.7;15;37266.2;24;73;13.6;0.0;0.0;0.0;0.0;0.00;-0.00;
45802.4184166667;2025-05-25 10:02:31;2556742;1;91.8;15;37266.2;0;0;0.0;0.0;0.0;0.0;0.0;0.00;-0.00;
45802.4194791667;2025-05-25 10:04:03;2557660;2;3.7;15;37266.2;2;32;0.0;0.0;0.0;0.0;0.0;0.00;-0.00;
45802.4195219907;2025-05-25 10:04:07;2557697;1;12.2;15;37266.2;0;0;0.0;0.0;0.0;0.0;0.0;0.00;-0.00;
45802.4196631944;2025-05-25 10:04:19;2557819;2;23.2;15;37266.2;18;47;7.4;0.0;0.0;0.0;0.0;0.00;-0.00;
45802.4199317130;2025-05-25 10:04:42;2558051;1;7232.9;15;37266.2;0;0;0.0;0.0;0.0;0.0;0.0;0.00;-0.00;
45802.5036458333;2025-05-25 12:05:15;2630380;2;16.5;15;37266.2;20;73;9.7;0.0;0.0;0.0;0.0;0.00;-0.00;
45802.5038368056;2025-05-25 12:05:32;2630545;1;8.3;15;37266.2;0;0;0.0;0.0;0.0;0.0;0.0;0.00;-0.00;
45802.5039328704;2025-05-25 12:05:40;2630628;2;7.1;15;37266.2;4;34;5.3;0.0;0.0;0.0;0.0;0.00;-0.00;
45802.5040150463;2025-05-25 12:05:47;2630699;1;19.9;15;37266.2;0;0;0.0;0.0;0.0;0.0;0.0;0.00;-0.00;
45802.5042453704;2025-05-25 12:06:07;2630898;2;18.5;15;37266.2;22;71;8.6;0.0;0.0;0.0;0.0;0.00;-0.00;
45802.5044594907;2025-05-25 12:06:25;2631083;1;24.1;15;37266.2;0;0;0.0;0.0;0.0;0.0;0.0;0.00;-0.00;
45802.5047384259;2025-05-25 12:06:49;2631324;2;1.4;15;37266.2;2;86;0.0;0.0;0.0;0.0;0.0;0.00;-0.00;
45802.5047546296;2025-05-25 12:06:51;2631338;1;22.9;15;37266.2;0;0;0.0;0.0;0.0;0.0;0.0;0.00;-0.00;
45802.5050196759;2025-05-25 12:07:14;2631567;2;3.7;15;37266.2;4;65;0.0;0.0;0.0;0.0;0.0;0.00;-0.00;
45802.5050625000;2025-05-25 12:07:17;2631604;1;38.2;15;37266.2;0;0;0.0;0.0;0.0;0.0;0.0;0.00;-0.00;
45802.5055046296;2025-05-25 12:07:56;2631986;2;3.1;15;37266.2;4;77;1.7;0.0;0.0;0.0;0.0;0.00;-0.00;
45802.5055405093;2025-05-25 12:07:59;2632017;1;120.3;15;37266.2;0;0;0.0;0.0;0.0;0.0;0.0;0.00;-0.00;
45802.5069328704;2025-05-25 12:09:59;2633220;2;6.9;15;37266.2;8;70;3.3;0.0;0.0;0.0;0.0;0.00;-0.00;
45802.5070127315;2025-05-25 12:10:06;2633289;1;361.7;15;37266.2;0;0;0.0;0.0;0.0;0.0;0.0;0.00;-0.00;
45802.5111990741;2025-05-25 12:16:08;2636906;2;1.2;15;37266.2;2;100;0.0;0.0;0.0;0.0;0.0;0.00;-0.00;
45802.5112129630;2025-05-25 12:16:09;2636918;1;1943.2;15;37266.2;0;0;0.0;0.0;0.0;0.0;0.0;0.00;-0.00;
45802.5337037037;2025-05-25 12:48:32;2656350;2;5.6;15;37266.2;10;107;4.3;0.0;0.0;0.0;0.0;0.00;-0.00;
45802.5337685185;2025-05-25 12:48:38;2656406;1;12.7;15;37266.2;0;0;0.0;0.0;0.0;0.0;0.0;0.00;-0.00;
45802.5339155093;2025-05-25 12:48:50;2656533;2;23.6;15;37266.2;22;56;7.6;0.0;0.0;0.0;0.0;0.00;-0.00;
45802.5341886574;2025-05-25 12:49:14;2656769;1;17.8;15;37266.2;0;0;0.0;0.0;0.0;0.0;0.0;0.00;-0.00;
45802.5343946759;2025-05-25 12:49:32;2656947;2;10.1;15;37266.2;10;59;8.5;0.0;0.0;0.0;0.0;0.00;-0.00;
45802.5345115741;2025-05-25 12:49:42;2657048;1;127.1;15;37266.2;0;0;0.0;0.0;0.0;0.0;0.0;0.00;-0.00;
45802.5359826389;2025-05-25 12:51:49;2658319;2;1.6;15;37266.2;2;75;0.0;0.0;0.0;0.0;0.0;0.00;-0.00;
45802.5360011574;2025-05-25 12:51:51;2658335;1;9.3;15;37266.2;0;0;0.0;0.0;0.0;0.0;0.0;0.00;-0.00;
45802.5361087963;2025-05-25 12:52:00;2658428;2;2.0;15;37266.2;2;60;0.0;0.0;0.0;0.0;0.0;0.00;-0.00;
45802.5361319444;2025-05-25 12:52:02;2658448;1;58.4;15;37266.2;0;0;0.0;0.0;0.0;0.0;0.0;0.00;-0.00;
45802.5368078704;2025-05-25 12:53:00;2659032;2;18.1;15;37266.2;18;60;7.6;0.0;0.0;0.0;0.0;0.00;-0.00;
45802.5370173611;2025-05-25 12:53:18;2659213;1;102.8;15;37266.2;0;0;0.0;0.0;0.0;0.0;0.0;0.00;-0.00;
45802.5382071759;2025-05-25 12:55:01;2660241;2;1.2;15;37266.2;2;100;0.0;0.0;0.0;0.0;0.0;0.00;-0.00;
45802.5382210648;2025-05-25 12:55:02;2660253;1;200.5;15;37266.2;0;0;0.0;0.0;0.0;0.0;0.0;0.00;-0.00;
45802.5405416667;2025-05-25 12:58:23;2662258;2;17.3;15;37266.2;20;69;9.0;0.0;0.0;0.0;0.0;0.00;-0.00;
45802.5407418981;2025-05-25 12:58:40;2662431;1;13.2;15;37266.2;0;0;0.0;0.0;0.0;0.0;0.0;0.00;-0.00;
45802.5408946759;2025-05-25 12:58:53;2662563;2;16.5;15;37266.2;22;80;7.5;0.0;0.0;0.0;0.0;0.00;-0.00;
45802.5410856481;2025-05-25 12:59:10;2662728;1;3552.4;15;37266.2;0;0;0.0;0.0;0.0;0.0;0.0;0.00;-0.00;
45802.5822013889;2025-05-25 13:58:22;2698252;2;19.3;15;37266.2;20;62;16.9;16.9;0.0;0.0;0.0;0.00;-0.00;
45802.5824247685;2025-05-25 13:58:42;2698445;1;7.9;15;37266.2;0;0;0.0;0.0;0.0;0.0;0.0;0.00;-0.00;
45802.5825162037;2025-05-25 13:58:49;2698524;2;11.2;15;37266.2;8;43;3.8;0.0;0.0;0.0;0.0;0.00;-0.00;
45802.5826458333;2025-05-25 13:59:01;2698636;1;60.8;15;37266.2;0;0;0.0;0.0;0.0;0.0;0.0;0.00;-0.00;
45802.5833495370;2025-05-25 14:00:01;2699244;2;16.2;15;37266.2;12;44;14.4;0.0;0.0;0.0;0.0;0.00;-0.00;
45802.5835370370;2025-05-25 14:00:18;2699406;1;18.0;15;37266.2;0;0;0.0;0.0;0.0;0.0;0.0;0.00;-0.00;
45802.5837453704;2025-05-25 14:00:36;2699586;2;24.4;15;37266.2;16;39;15.3;15.3;0.0;0.0;0.0;0.00;-0.00;
45802.5840277778;2025-05-25 14:01:00;2699830;1;207.4;15;37266.2;0;0;0.0;0.0;0.0;0.0;0.0;0.00;-0.00;
45802.5864282407;2025-05-25 14:04:27;2701904;2;8.9;15;37266.2;8;54;6.9;0.0;0.0;0.0;0.0;0.00;-0.00;
45802.5865312500;2025-05-25 14:04:36;2701993;1;62.4;15;37266.2;0;0;0.0;0.0;0.0;0.0;0.0;0.00;-0.00;
45802.5872534722;2025-05-25 14:05:39;2702617;2;10.2;15;37266.2;12;71;8.9;0.0;0.0;0.0;0.0;0.00;-0.00;
45802.5873715278;2025-05-25 14:05:49;2702719;1;45.7;15;37266.2;0;0;0.0;0.0;0.0;0.0;0.0;0.00;-0.00;
45802.5879004630;2025-05-25 14:06:35;2703176;2;0.8;15;37266.2;2;150;0.0;0.0;0.0;0.0;0.0;0.00;-0.00;
45802.5879097222;2025-05-25 14:06:35;2703184;1;9.3;15;37266.2;0;0;0.0;0.0;0.0;0.0;0.0;0.00;-0.00;
45802.5880173611;2025-05-25 14:06:45;2703277;2;6.0;15;37266.2;4;40;3.5;0.0;0.0;0.0;0.0;0.00;-0.00;
45802.5880868056;2025-05-25 14:06:51;2703337;1;13.9;15;37266.2;0;0;0.0;0.0;0.0;0.0;0.0;0.00;-0.00;
45802.5882476852;2025-05-25 14:07:05;2703476;2;4.3;15;37266.2;4;56;2.9;0.0;0.0;0.0;0.0;0.00;-0.00;
45802.5882974537;2025-05-25 14:07:09;2703519;1;59.6;15;37266.2;0;0;0.0;0.0;0.0;0.0;0.0;0.00;-0.00;
45802.5889872685;2025-05-25 14:08:09;2704115;2;4.7;15;37266.2;4;51;3.3;0.0;0.0;0.0;0.0;0.00;-0.00;
45802.5890416667;2025-05-25 14:08:13;2704162;1;42.4;15;37266.2;0;0;0.0;0.0;0.0;0.0;0.0;0.00;-0.00;
45802.5895324074;2025-05-25 14:08:56;2704586;2;1.3;15;37266.2;2;92;0.0;0.0;0.0;0.0;0.0;0.00;-0.00;
45802.5895474537;2025-05-25 14:08:57;2704599;1;44.3;15;37266.2;0;0;0.0;0.0;0.0;0.0;0.0;0.00;-0.00;
45802.5900601852;2025-05-25 14:09:41;2705042;2;15.1;15;37266.2;10;40;3.3;0.0;0.0;0.0;0.0;0.00;-0.00;
45802.5902349537;2025-05-25 14:09:56;2705193;1;53.4;15;37266.2;0;0;0.0;0.0;0.0;0.0;0.0;0.00;-0.00;
45802.5908530093;2025-05-25 14:10:50;2705727;2;5.1;15;37266.2;4;47;3.3;0.0;0.0;0.0;0.0;0.00;-0.00;
45802.5909120370;2025-05-25 14:10:55;2705778;1;135.5;15;37266.2;0;0;0.0;0.0;0.0;0.0;0.0;0.00;-0.00;
45802.5924803241;2025-05-25 14:13:10;2707133;2;18.7;15;37266.2;22;71;10.5;0.0;0.0;0.0;0.0;0.00;-0.00;
45802.5926967593;2025-05-25 14:13:29;2707320;1;10125.3;15;37266.2;0;0;0.0;0.0;0.0;0.0;0.0;0.00;-0.00;
45802.7098877315;2025-05-25 17:02:14;2808573;2;11.8;15;37266.2;14;71;6.1;0.0;0.0;0.0;0.0;0.00;-0.00;
45802.7100243056;2025-05-25 17:02:26;2808691;1;52.8;15;37266.2;0;0;0.0;0.0;0.0;0.0;0.0;0.00;-0.00;
45802.7106354167;2025-05-25 17:03:19;2809219;2;21.5;15;37266.2;22;61;18.6;18.6;0.0;0.0;0.0;0.00;-0.00;
45802.7108842593;2025-05-25 17:03:40;2809434;1;8.5;15;37266.2;0;0;0.0;0.0;0.0;0.0;0.0;0.00;-0.00;
45802.7109826389;2025-05-25 17:03:49;2809519;2;9.9;15;37266.2;6;36;1.7;0.0;0.0;0.0;0.0;0.00;-0.00;
45802.7110972222;2025-05-25 17:03:59;2809618;1;11.3;15;37266.2;0;0;0.0;0.0;0.0;0.0;0.0;0.00;-0.00;
45802.7112280093;2025-05-25 17:04:10;2809731;2;10.0;15;37266.2;8;48;8.9;0.0;0.0;0.0;0.0;0.00;-0.00;
45802.7113437500;2025-05-25 17:04:20;2809831;1;30.9;15;37266.2;0;0;0.0;0.0;0.0;0.0;0.0;0.00;-0.00;
45802.7117013889;2025-05-25 17:04:51;2810140;2;3.5;15;37266.2;6;103;2.7;0.0;0.0;0.0;0.0;0.00;-0.00;
45802.7117418982;2025-05-25 17:04:55;2810175;1;106.9;15;37266.2;0;0;0.0;0.0;0.0;0.0;0.0;0.00;-0.00;
45802.7129791667;2025-05-25 17:06:41;2811244;2;4.6;15;37266.2;2;26;0.0;0.0;0.0;0.0;0.0;0.00;-0.00;
45802.7130324074;2025-05-25 17:06:46;2811290;1;31.1;15;37266.2;0;0;0.0;0.0;0.0;0.0;0.0;0.00;-0.00;
45802.7133923611;2025-05-25 17:07:17;2811601;2;15.1;15;37266.2;16;64;12.8;0.0;0.0;0.0;0.0;0.00;-0.00;
45802.7135671296;2025-05-25 17:07:32;2811752;1;7.0;15;37266.2;0;0;0.0;0.0;0.0;0.0;0.0;0.00;-0.00;
45802.7136481482;2025-05-25 17:07:39;2811822;2;9.1;15;37266.2;8;53;4.8;0.0;0.0;0.0;0.0;0.00;-0.00;
45802.7137534722;2025-05-25 17:07:48;2811913;1;4574.2;15;37266.2;0;0;0.0;0.0;0.0;0.0;0.0;0.00;-0.00;
45802.7666956019;2025-05-25 18:24:03;2857655;2;25.4;15;37266.2;20;47;4.3;0.0;0.0;0.0;0.0;0.00;-0.33;
45802.7669895833;2025-05-25 18:24:28;2857909;1;99.2;15;37266.2;0;0;0.0;0.0;0.0;0.0;0.0;0.00;-0.00;
45802.7681377315;2025-05-25 18:26:07;2858901;2;7.9;15;37266.2;10;76;6.3;0.0;0.0;0.0;0.0;0.00;-0.00;
45802.7682291667;2025-05-25 18:26:15;2858980;1;63.0;15;37266.2;0;0;0.0;0.0;0.0;0.0;0.0;0.00;-0.00;
45802.7689583333;2025-05-25 18:27:18;2859610;2;10.4;15;37266.2;6;35;5.2;0.0;0.0;0.0;0.0;0.00;-0.00;
45802.7690787037;2025-05-25 18:27:28;2859714;1;125.6;15;37266.2;0;0;0.0;0.0;0.0;0.0;0.0;0.00;-0.00;
45802.7705324074;2025-05-25 18:29:34;2860970;2;17.3;15;37266.2;14;49;1.8;0.0;0.0;0.0;0.0;0.00;-0.00;
45802.7707326389;2025-05-25 18:29:51;2861143;1;62.1;15;37266.2;0;0;0.0;0.0;0.0;0.0;0.0;0.00;-0.00;
45802.7714513889;2025-05-25 18:30:53;2861764;2;4.8;15;37266.2;2;25;0.0;0.0;0.0;0.0;0.0;0.00;-0.00;
45802.7715069444;2025-05-25 18:30:58;2861812;1;87.3;15;37266.2;0;0;0.0;0.0;0.0;0.0;0.0;0.00;-0.00;
45802.7725173611;2025-05-25 18:32:26;2862685;4;53291.7;0;0.0;0;0;0.0;0.0;0.0;0.0;0.0;0.00;-0.00;
45803.3893194444;2025-05-26 09:20:37;3395602;1;2.7;16;2.7;0;0;0.0;0.0;0.0;0.0;0.0;0.00;-0.00;
45803.3893506944;2025-05-26 09:20:40;3395629;0;18.7;0;0.0;0;0;0.0;0.0;0.0;0.0;0.0;0.00;-0.00;
45803.3895671296;2025-05-26 09:20:59;3395816;1;2.1;17;26467.8;0;0;0.0;0.0;0.0;0.0;0.0;0.00;-0.00;
45803.3895914352;2025-05-26 09:21:01;3395837;2;2.0;17;26467.8;2;60;0.0;0.0;0.0;0.0;0.0;0.00;-0.00;
45803.3896145833;2025-05-26 09:21:03;3395857;1;69.3;17;26467.8;0;0;0.0;0.0;0.0;0.0;0.0;0.00;-0.00;
45803.3904166667;2025-05-26 09:22:12;3396550;2;0.9;17;26467.8;2;133;0.0;0.0;0.0;0.0;0.0;0.00;-0.00;
45803.3904270833;2025-05-26 09:22:13;3396559;1;55.1;17;26467.8;0;0;0.0;0.0;0.0;0.0;0.0;0.00;-0.00;
45803.3910648148;2025-05-26 09:23:08;3397110;2;4.2;17;26467.8;2;29;0.0;0.0;0.0;0.0;0.0;0.00;-0.00;
45803.3911134259;2025-05-26 09:23:12;3397152;1;76.9;17;26467.8;0;0;0.0;0.0;0.0;0.0;0.0;0.00;-0.00;
45803.3920034722;2025-05-26 09:24:29;3397921;2;4.9;17;26467.8;6;73;3.3;0.0;0.0;0.0;0.0;0.00;-0.00;
45803.3920601852;2025-05-26 09:24:34;3397970;1;77.7;17;26467.8;0;0;0.0;0.0;0.0;0.0;0.0;0.00;-0.00;
45803.3929594907;2025-05-26 09:25:52;3398747;2;14.4;17;26467.8;8;33;1.5;0.0;0.0;0.0;0.0;0.00;-0.00;
45803.3931261574;2025-05-26 09:26:06;3398891;1;24.9;17;26467.8;0;0;0.0;0.0;0.0;0.0;0.0;0.00;-0.00;
45803.3934143518;2025-05-26 09:26:31;3399140;2;17.7;17;26467.8;12;41;2.1;0.0;0.0;0.0;0.0;0.00;-0.00;
45803.3936192130;2025-05-26 09:26:49;3399317;1;10.0;17;26467.8;0;0;0.0;0.0;0.0;0.0;0.0;0.00;-0.00;
45803.3937349537;2025-05-26 09:26:59;3399417;2;16.1;17;26467.8;10;37;13.0;0.0;0.0;0.0;0.0;0.00;-0.00;
45803.3939212963;2025-05-26 09:27:15;3399578;1;22.5;17;26467.8;0;0;0.0;0.0;0.0;0.0;0.0;0.00;-0.00;
45803.3941817130;2025-05-26 09:27:37;3399803;2;3.9;17;26467.8;2;31;0.0;0.0;0.0;0.0;0.0;0.00;-0.00;
45803.3942268519;2025-05-26 09:27:41;3399842;1;326.7;17;26467.8;0;0;0.0;0.0;0.0;0.0;0.0;0.00;-0.00;
45803.3980081019;2025-05-26 09:33:08;3403109;2;3.3;17;26467.8;4;73;0.9;0.0;0.0;0.0;0.0;0.00;-0.00;
45803.3980462963;2025-05-26 09:33:11;3403142;1;70.9;17;26467.8;0;0;0.0;0.0;0.0;0.0;0.0;0.00;-0.00;
45803.3988668981;2025-05-26 09:34:22;3403851;2;5.3;17;26467.8;4;45;2.4;0.0;0.0;0.0;0.0;0.00;-0.00;
45803.3989282407;2025-05-26 09:34:27;3403904;1;6.8;17;26467.8;0;0;0.0;0.0;0.0;0.0;0.0;0.00;-0.00;
45803.3990069444;2025-05-26 09:34:34;3403972;2;4.6;17;26467.8;2;26;0.0;0.0;0.0;0.0;0.0;0.00;-0.00;
45803.3990601852;2025-05-26 09:34:39;3404018;1;33.5;17;26467.8;0;0;0.0;0.0;0.0;0.0;0.0;0.00;-0.00;
45803.3994479167;2025-05-26 09:35:12;3404353;2;13.1;17;26467.8;10;46;11.9;0.0;0.0;0.0;0.0;0.00;-0.00;
45803.3995995370;2025-05-26 09:35:25;3404484;1;10.8;17;26467.8;0;0;0.0;0.0;0.0;0.0;0.0;0.00;-0.00;
45803.3997245370;2025-05-26 09:35:36;3404592;2;1.5;17;26467.8;2;80;0.0;0.0;0.0;0.0;0.0;0.00;-0.00;
45803.3997418981;2025-05-26 09:35:38;3404607;1;8.0;17;26467.8;0;0;0.0;0.0;0.0;0.0;0.0;0.00;-0.00;
45803.3998344907;2025-05-26 09:35:46;3404687;2;3.0;17;26467.8;2;40;0.0;0.0;0.0;0.0;0.0;0.00;-0.00;
45803.3998692130;2025-05-26 09:35:49;3404717;1;10.3;17;26467.8;0;0;0.0;0.0;0.0;0.0;0.0;0.00;-0.00;
45803.3999884259;2025-05-26 09:35:59;3404820;2;2.0;17;26467.8;2;60;0.0;0.0;0.0;0.0;0.0;0.00;-0.00;
45803.4000115741;2025-05-26 09:36:01;3404840;1;16.6;17;26467.8;0;0;0.0;0.0;0.0;0.0;0.0;0.00;-0.00;
45803.4002037037;2025-05-26 09:36:18;3405006;2;8.5;17;26467.8;10;71;3.6;0.0;0.0;0.0;0.0;0.00;-0.00;
45803.4003020833;2025-05-26 09:36:26;3405091;1;10.2;17;26467.8;0;0;0.0;0.0;0.0;0.0;0.0;0.00;-0.00;
45803.4004201389;2025-05-26 09:36:36;3405193;2;10.5;17;26467.8;12;69;4.8;0.0;0.0;0.0;0.0;0.00;-0.00;
45803.4005416667;2025-05-26 09:36:47;3405298;1;7.5;17;26467.8;0;0;0.0;0.0;0.0;0.0;0.0;0.00;-0.00;
45803.4006284722;2025-05-26 09:36:54;3405373;2;2.6;17;26467.8;2;46;0.0;0.0;0.0;0.0;0.0;0.00;-0.00;
45803.4006585648;2025-05-26 09:36:57;3405399;1;37.5;17;26467.8;0;0;0.0;0.0;0.0;0.0;0.0;0.00;-0.00;
45803.4010925926;2025-05-26 09:37:34;3405774;2;4.0;17;26467.8;2;30;0.0;0.0;0.0;0.0;0.0;0.00;-0.00;
45803.4011388889;2025-05-26 09:37:38;3405814;1;71.3;17;26467.8;0;0;0.0;0.0;0.0;0.0;0.0;0.00;-0.00;
45803.4019641204;2025-05-26 09:38:50;3406527;2;8.4;17;26467.8;6;43;0.0;0.0;0.0;0.0;0.0;0.00;-0.00;
45803.4020613426;2025-05-26 09:38:58;3406611;1;67.9;17;26467.8;0;0;0.0;0.0;0.0;0.0;0.0;0.00;-0.00;
45803.4028472222;2025-05-26 09:40:06;3407290;2;8.7;17;26467.8;12;83;7.4;0.0;0.0;0.0;0.0;0.00;-0.00;
45803.4029479167;2025-05-26 09:40:15;3407377;1;11.6;17;26467.8;0;0;0.0;0.0;0.0;0.0;0.0;0.00;-0.00;
45803.4030821759;2025-05-26 09:40:26;3407493;2;8.1;17;26467.8;4;30;3.0;0.0;0.0;0.0;0.0;0.00;-0.00;
45803.4031759259;2025-05-26 09:40:34;3407574;1;37.7;17;26467.8;0;0;0.0;0.0;0.0;0.0;0.0;0.00;-0.00;
45803.4036122685;2025-05-26 09:41:12;3407951;2;27.2;17;26467.8;28;62;15.5;15.5;0.0;0.0;0.0;0.00;-0.00;
45803.4039270833;2025-05-26 09:41:39;3408223;1;1108.6;17;26467.8;0;0;0.0;0.0;0.0;0.0;0.0;0.00;-0.00;
45803.4167581018;2025-05-26 10:00:08;3419309;2;2.9;17;26467.8;2;41;0.0;0.0;0.0;0.0;0.0;0.00;-0.00;
45803.4167916667;2025-05-26 10:00:11;3419338;1;26.3;17;26467.8;0;0;0.0;0.0;0.0;0.0;0.0;0.00;-0.00;
45803.4170960648;2025-05-26 10:00:37;3419601;2;0.9;17;26467.8;2;133;0.0;0.0;0.0;0.0;0.0;0.00;-0.00;
45803.4171064815;2025-05-26 10:00:38;3419610;1;9.3;17;26467.8;0;0;0.0;0.0;0.0;0.0;0.0;0.00;-0.00;
45803.4172141204;2025-05-26 10:00:47;3419703;2;8.6;17;26467.8;4;28;0.0;0.0;0.0;0.0;0.0;0.00;-0.00;
45803.4173136574;2025-05-26 10:00:56;3419789;1;9.3;17;26467.8;0;0;0.0;0.0;0.0;0.0;0.0;0.00;-0.00;
45803.4174212963;2025-05-26 10:01:05;3419882;2;5.3;17;26467.8;2;23;0.0;0.0;0.0;0.0;0.0;0.00;-0.00;
45803.4174826389;2025-05-26 10:01:11;3419935;1;67.9;17;26467.8;0;0;0.0;0.0;0.0;0.0;0.0;0.00;-0.00;
45803.4182685185;2025-05-26 10:02:18;3420614;2;16.8;17;26467.8;22;79;10.4;0.0;0.0;0.0;0.0;0.00;-0.00;
45803.4184629630;2025-05-26 10:02:35;3420782;1;41.0;17;26467.8;0;0;0.0;0.0;0.0;0.0;0.0;0.00;-0.00;
45803.4189375000;2025-05-26 10:03:16;3421192;2;1.2;17;26467.8;2;100;0.0;0.0;0.0;0.0;0.0;0.00;-0.00;
45803.4189513889;2025-05-26 10:03:17;3421204;1;53.6;17;26467.8;0;0;0.0;0.0;0.0;0.0;0.0;0.00;-0.00;
45803.4195717593;2025-05-26 10:04:11;3421740;2;5.2;17;26467.8;6;69;0.0;0.0;0.0;0.0;0.0;0.00;-0.00;
45803.4196319444;2025-05-26 10:04:16;3421792;1;15.3;17;26467.8;0;0;0.0;0.0;0.0;0.0;0.0;0.00;-0.00;
45803.4198090278;2025-05-26 10:04:32;3421945;2;6.7;17;26467.8;6;54;4.0;0.0;0.0;0.0;0.0;0.00;-0.00;
45803.4198865741;2025-05-26 10:04:38;3422012;1;8.7;17;26467.8;0;0;0.0;0.0;0.0;0.0;0.0;0.00;-0.00;
45803.4199872685;2025-05-26 10:04:47;3422099;2;7.8;17;26467.8;10;77;4.5;0.0;0.0;0.0;0.0;0.00;-0.00;
45803.4200775463;2025-05-26 10:04:55;3422177;1;3668.8;17;26467.8;0;0;0.0;0.0;0.0;0.0;0.0;0.00;-0.00;
45803.4625405093;2025-05-26 11:06:04;3458865;2;6.7;17;26467.8;10;90;3.1;0.0;0.0;0.0;0.0;0.00;-0.00;
45803.4626180556;2025-05-26 11:06:10;3458932;1;11.2;17;26467.8;0;0;0.0;0.0;0.0;0.0;0.0;0.00;-0.00;
45803.4627476852;2025-05-26 11:06:21;3459044;2;14.2;17;26467.8;10;42;7.4;0.0;0.0;0.0;0.0;0.00;-0.00;
45803.4629120370;2025-05-26 11:06:36;3459186;1;29.1;17;26467.8;0;0;0.0;0.0;0.0;0.0;0.0;0.00;-0.00;
45803.4632488426;2025-05-26 11:07:05;3459477;2;2.0;17;26467.8;2;60;0.0;0.0;0.0;0.0;0.0;0.00;-0.00;
45803.4632719907;2025-05-26 11:07:07;3459497;1;13.4;17;26467.8;0;0;0.0;0.0;0.0;0.0;0.0;0.00;-0.00;
45803.4634270833;2025-05-26 11:07:20;3459631;2;319.5;17;26467.8;420;79;227.9;22.3;0.0;50.7;227.9;0.51;-1.35;
45803.4671250000;2025-05-26 11:12:40;3462826;1;7.2;17;26467.8;0;0;0.0;0.0;0.0;0.0;0.0;0.00;-0.00;
45803.4672083333;2025-05-26 11:12:47;3462898;2;221.8;17;26467.8;258;70;110.2;0.0;0.0;0.0;206.2;0.00;-0.00;
45803.4697754630;2025-05-26 11:16:29;3465116;1;91.7;17;26467.8;0;0;0.0;0.0;0.0;0.0;0.0;0.00;-0.00;
45803.4708368056;2025-05-26 11:18:00;3466033;2;4.4;17;26467.8;2;27;0.0;0.0;0.0;0.0;0.0;0.00;-0.00;
45803.4708877315;2025-05-26 11:18:05;3466077;1;9.5;17;26467.8;0;0;0.0;0.0;0.0;0.0;0.0;0.00;-0.00;
45803.4709976852;2025-05-26 11:18:14;3466172;2;199.8;17;26467.8;258;77;121.4;0.0;0.0;54.4;121.4;1.27;-2.91;
45803.4733101852;2025-05-26 11:21:34;3468170;1;6.8;17;26467.8;0;0;0.0;0.0;0.0;0.0;0.0;0.00;-0.00;
45803.4733888889;2025-05-26 11:21:41;3468238;2;102.0;17;26467.8;124;73;88.2;0.0;0.0;0.0;88.2;0.00;-0.00;
45803.4745694444;2025-05-26 11:23:23;3469258;1;90.1;17;26467.8;0;0;0.0;0.0;0.0;0.0;0.0;0.00;-0.00;
45803.4756122685;2025-05-26 11:24:53;3470159;2;255.7;17;26467.8;310;73;75.1;28.1;39.8;0.0;146.1;0.40;-0.00;
45803.4785717593;2025-05-26 11:29:09;3472716;1;7.5;17;26467.8;0;0;0.0;0.0;0.0;0.0;0.0;0.00;-0.00;
45803.4786585648;2025-05-26 11:29:16;3472791;2;5.4;17;26467.8;4;44;4.4;0.0;0.0;0.0;0.0;0.00;-0.00;
45803.4787210648;2025-05-26 11:29:22;3472845;1;29.5;17;26467.8;0;0;0.0;0.0;0.0;0.0;0.0;0.00;-0.00;
45803.4790625000;2025-05-26 11:29:51;3473140;2;1.4;17;26467.8;2;86;0.0;0.0;0.0;0.0;0.0;0.00;-0.00;
45803.4790787037;2025-05-26 11:29:52;3473154;1;12.2;17;26467.8;0;0;0.0;0.0;0.0;0.0;0.0;0.00;-0.00;
45803.4792199074;2025-05-26 11:30:05;3473276;2;5.1;17;26467.8;10;118;3.4;0.0;0.0;0.0;0.0;0.00;-0.00;
45803.4792789352;2025-05-26 11:30:10;3473327;1;5459.8;17;26467.8;0;0;0.0;0.0;0.0;0.0;0.0;0.00;-0.00;
45803.5424710648;2025-05-26 13:01:10;3527925;2;21.1;17;26467.8;22;63;8.5;0.0;0.0;0.0;0.0;0.00;-0.00;
45803.5427152778;2025-05-26 13:01:31;3528136;1;85.4;17;26467.8;0;0;0.0;0.0;0.0;0.0;0.0;0.00;-0.00;
45803.5437037037;2025-05-26 13:02:56;3528990;2;1.1;17;26467.8;2;109;0.0;0.0;0.0;0.0;0.0;0.00;-0.00;
45803.5437164352;2025-05-26 13:02:57;3529001;1;259.6;17;26467.8;0;0;0.0;0.0;0.0;0.0;0.0;0.00;-0.00;
45803.5467210648;2025-05-26 13:07:17;3531597;2;5.1;17;26467.8;6;71;1.6;0.0;0.0;0.0;0.0;0.00;-0.00;
45803.5467800926;2025-05-26 13:07:22;3531648;1;14.9;17;26467.8;0;0;0.0;0.0;0.0;0.0;0.0;0.00;-0.00;
45803.5469525463;2025-05-26 13:07:37;3531797;2;26.1;17;26467.8;26;60;11.4;0.0;0.0;0.0;0.0;0.00;-0.00;
45803.5472546296;2025-05-26 13:08:03;3532058;1;6028.3;17;26467.8;0;0;0.0;0.0;0.0;0.0;0.0;0.00;-0.00;
45803.6170266204;2025-05-26 14:48:31;3592341;2;16.1;17;26467.8;18;67;6.2;0.0;0.0;0.0;0.0;0.00;-0.00;
45803.6172129630;2025-05-26 14:48:47;3592502;1;15.5;17;26467.8;0;0;0.0;0.0;0.0;0.0;0.0;0.00;-0.00;
45803.6173923611;2025-05-26 14:49:03;3592657;2;1.5;17;26467.8;2;80;0.0;0.0;0.0;0.0;0.0;0.00;-0.00;
45803.6174097222;2025-05-26 14:49:04;3592672;1;7.7;17;26467.8;0;0;0.0;0.0;0.0;0.0;0.0;0.00;-0.00;
45803.6174988426;2025-05-26 14:49:12;3592749;2;3.2;17;26467.8;4;75;1.8;0.0;0.0;0.0;0.0;0.00;-0.00;
45803.6175358796;2025-05-26 14:49:15;3592781;1;10.0;17;26467.8;0;0;0.0;0.0;0.0;0.0;0.0;0.00;-0.00;
45803.6176516204;2025-05-26 14:49:25;3592881;2;20.5;17;26467.8;22;64;12.2;0.0;0.0;0.0;0.0;0.00;-0.00;
45803.6178888889;2025-05-26 14:49:46;3593086;1;27.5;17;26467.8;0;0;0.0;0.0;0.0;0.0;0.0;0.00;-0.00;
45803.6182071759;2025-05-26 14:50:13;3593361;2;5.2;17;26467.8;4;46;1.7;0.0;0.0;0.0;0.0;0.00;-0.00;
45803.6182673611;2025-05-26 14:50:18;3593413;1;5631.9;17;26467.8;0;0;0.0;0.0;0.0;0.0;0.0;0.00;-0.00;
45803.6834513889;2025-05-26 16:24:10;3649732;2;16.0;17;26467.8;20;75;9.1;0.0;0.0;0.0;0.0;0.00;-0.00;
45803.6836365741;2025-05-26 16:24:26;3649892;1;8.2;17;26467.8;0;0;0.0;0.0;0.0;0.0;0.0;0.00;-0.00;
45803.6837314815;2025-05-26 16:24:34;3649974;2;1.3;17;26467.8;2;92;0.0;0.0;0.0;0.0;0.0;0.00;-0.00;
45803.6837465278;2025-05-26 16:24:36;3649987;1;86.5;17;26467.8;0;0;0.0;0.0;0.0;0.0;0.0;0.00;-0.00;
45803.6847476852;2025-05-26 16:26:02;3650852;2;2.5;17;26467.8;2;48;0.0;0.0;0.0;0.0;0.0;0.00;-0.00;
45803.6847766204;2025-05-26 16:26:05;3650877;1;7.7;17;26467.8;0;0;0.0;0.0;0.0;0.0;0.0;0.00;-0.00;
45803.6848657407;2025-05-26 16:26:12;3650954;2;2.7;17;26467.8;2;44;0.0;0.0;0.0;0.0;0.0;0.00;-0.00;
45803.6848969907;2025-05-26 16:26:15;3650981;1;483.0;17;26467.8;0;0;0.0;0.0;0.0;0.0;0.0;0.00;-0.00;
45803.6904872685;2025-05-26 16:34:18;3655811;2;6.8;17;26467.8;6;53;6.1;0.0;0.0;0.0;0.0;0.00;-0.00;
45803.6905659722;2025-05-26 16:34:25;3655879;1;243.0;17;26467.8;0;0;0.0;0.0;0.0;0.0;0.0;0.00;-0.00;
45803.6933784722;2025-05-26 16:38:28;3658309;2;3.5;17;26467.8;4;69;1.8;0.0;0.0;0.0;0.0;0.00;-0.00;
45803.6934189815;2025-05-26 16:38:31;3658344;1;19.4;17;26467.8;0;0;0.0;0.0;0.0;0.0;0.0;0.00;-0.00;
45803.6936435185;2025-05-26 16:38:51;3658538;2;6.0;17;26467.8;8;80;4.4;0.0;0.0;0.0;0.0;0.00;-0.00;
45803.6937129630;2025-05-26 16:38:57;3658598;1;21.3;17;26467.8;0;0;0.0;0.0;0.0;0.0;0.0;0.00;-0.00;
45803.6939594907;2025-05-26 16:39:18;3658811;2;9.2;17;26467.8;4;26;4.3;0.0;0.0;0.0;0.0;0.00;-0.00;
45803.6940659722;2025-05-26 16:39:27;3658903;1;159.1;17;26467.8;0;0;0.0;0.0;0.0;0.0;0.0;0.00;-0.00;
45803.6959074074;2025-05-26 16:42:06;3660494;4;30384.5;0;0.0;0;0;0.0;0.0;0.0;0.0;0.0;0.00;-0.00;
45804.0475798611;2025-05-27 01:08:31;3964339;1;37.1;18;37.1;0;0;0.0;0.0;0.0;0.0;0.0;0.00;-0.00;
45804.0480092593;2025-05-27 01:09:08;3964710;4;10915.4;0;0.0;0;0;0.0;0.0;0.0;0.0;0.0;0.00;-0.00;
45804.1743449074;2025-05-27 04:11:03;4073864;1;539.9;19;539.9;0;0;0.0;0.0;0.0;0.0;0.0;0.00;-0.00;
45804.1805937500;2025-05-27 04:20:03;4079263;4;6181.2;0;0.0;0;0;0.0;0.0;0.0;0.0;0.0;0.00;-0.00;
45804.2521354167;2025-05-27 06:03:05;4141075;1;3436.1;20;19826.1;0;0;0.0;0.0;0.0;0.0;0.0;0.00;-0.00;
45804.2919050926;2025-05-27 07:00:21;4175436;2;7.5;20;19826.1;4;32;0.0;0.0;0.0;0.0;0.0;0.00;-0.00;
45804.2919918981;2025-05-27 07:00:28;4175511;1;59.9;20;19826.1;0;0;0.0;0.0;0.0;0.0;0.0;0.00;-0.00;
45804.2926851852;2025-05-27 07:01:28;4176110;2;7.1;20;19826.1;4;34;5.2;0.0;0.0;0.0;0.0;0.00;-0.00;
45804.2927673611;2025-05-27 07:01:35;4176181;1;7.0;20;19826.1;0;0;0.0;0.0;0.0;0.0;0.0;0.00;-0.00;
45804.2928483796;2025-05-27 07:01:42;4176251;2;9.6;20;19826.1;12;75;8.0;0.0;0.0;0.0;0.0;0.00;-0.00;
45804.2929594907;2025-05-27 07:01:52;4176347;1;53.5;20;19826.1;0;0;0.0;0.0;0.0;0.0;0.0;0.00;-0.00;
45804.2935787037;2025-05-27 07:02:45;4176882;2;4.4;20;19826.1;6;82;3.0;0.0;0.0;0.0;0.0;0.00;-0.00;
45804.2936296296;2025-05-27 07:02:50;4176926;1;8.5;20;19826.1;0;0;0.0;0.0;0.0;0.0;0.0;0.00;-0.00;
45804.2937280093;2025-05-27 07:02:58;4177011;2;9.6;20;19826.1;8;50;3.5;0.0;0.0;0.0;0.0;0.00;-0.00;
45804.2938391204;2025-05-27 07:03:08;4177107;1;1364.5;20;19826.1;0;0;0.0;0.0;0.0;0.0;0.0;0.00;-0.00;
45804.3096319444;2025-05-27 07:25:52;4190752;2;21.5;20;19826.1;30;84;15.1;15.1;0.0;0.0;0.0;0.00;-0.00;
45804.3098807870;2025-05-27 07:26:14;4190967;1;45.3;20;19826.1;0;0;0.0;0.0;0.0;0.0;0.0;0.00;-0.00;
45804.3104050926;2025-05-27 07:26:59;4191420;2;3.6;20;19826.1;4;67;1.6;0.0;0.0;0.0;0.0;0.00;-0.00;
45804.3104467593;2025-05-27 07:27:03;4191456;1;63.9;20;19826.1;0;0;0.0;0.0;0.0;0.0;0.0;0.00;-0.00;
45804.3111863426;2025-05-27 07:28:07;4192095;2;29.0;20;19826.1;36;74;7.0;0.0;0.0;0.0;0.0;0.00;-0.00;
45804.3115219907;2025-05-27 07:28:36;4192385;1;1651.0;20;19826.1;0;0;0.0;0.0;0.0;0.0;0.0;0.00;-0.00;
45804.3306307870;2025-05-27 07:56:07;4208895;2;27.5;20;19826.1;30;65;18.9;18.9;0.0;0.0;0.0;0.00;-0.00;
45804.3309490741;2025-05-27 07:56:34;4209170;1;11.7;20;19826.1;0;0;0.0;0.0;0.0;0.0;0.0;0.00;-0.00;
45804.3310844907;2025-05-27 07:56:46;4209287;2;3.8;20;19826.1;4;63;0.0;0.0;0.0;0.0;0.0;0.00;-0.00;
45804.3311284722;2025-05-27 07:56:50;4209325;1;73.8;20;19826.1;0;0;0.0;0.0;0.0;0.0;0.0;0.00;-0.00;
45804.3319826389;2025-05-27 07:58:03;4210063;2;3.4;20;19826.1;2;35;0.0;0.0;0.0;0.0;0.0;0.00;-0.00;
45804.3320219907;2025-05-27 07:58:07;4210097;1;14.9;20;19826.1;0;0;0.0;0.0;0.0;0.0;0.0;0.00;-0.00;
45804.3321944444;2025-05-27 07:58:22;4210246;2;20.2;20;19826.1;22;65;7.9;0.0;0.0;0.0;0.0;0.00;-0.00;
45804.3324282407;2025-05-27 07:58:42;4210448;1;7281.7;20;19826.1;0;0;0.0;0.0;0.0;0.0;0.0;0.00;-0.00;
45804.4167071759;2025-05-27 10:00:04;4283265;2;4.2;20;19826.1;6;86;3.1;0.0;0.0;0.0;0.0;0.00;-0.00;
45804.4167557870;2025-05-27 10:00:08;4283307;1;21.6;20;19826.1;0;0;0.0;0.0;0.0;0.0;0.0;0.00;-0.00;
45804.4170057870;2025-05-27 10:00:29;4283523;2;6.3;20;19826.1;4;38;2.9;0.0;0.0;0.0;0.0;0.00;-0.00;
45804.4170787037;2025-05-27 10:00:36;4283586;1;836.7;20;19826.1;0;0;0.0;0.0;0.0;0.0;0.0;0.00;-0.00;
45804.4267627315;2025-05-27 10:14:32;4291953;2;0.8;20;19826.1;2;150;0.0;0.0;0.0;0.0;0.0;0.00;-0.00;
45804.4267719907;2025-05-27 10:14:33;4291961;1;944.9;20;19826.1;0;0;0.0;0.0;0.0;0.0;0.0;0.00;-0.00;
45804.4377083333;2025-05-27 10:30:18;4301410;2;11.2;20;19826.1;10;54;3.0;0.0;0.0;0.0;0.0;0.00;-0.00;
45804.4378379630;2025-05-27 10:30:29;4301522;1;114.1;20;19826.1;0;0;0.0;0.0;0.0;0.0;0.0;0.00;-0.00;
45804.4391585648;2025-05-27 10:32:23;4302663;2;10.9;20;19826.1;8;44;7.4;0.0;0.0;0.0;0.0;0.00;-0.00;
45804.4392847222;2025-05-27 10:32:34;4302772;1;3656.4;20;19826.1;0;0;0.0;0.0;0.0;0.0;0.0;0.00;-0.00;
45804.4816041667;2025-05-27 11:33:31;4339336;0;48.0;0;0.0;0;0;0.0;0.0;0.0;0.0;0.0;0.00;-0.00;
45804.4821597222;2025-05-27 11:34:19;4339816;1;74.6;21;27810.2;0;0;0.0;0.0;0.0;0.0;0.0;0.00;-0.00;
45804.4830231481;2025-05-27 11:35:33;4340562;2;4.0;21;27810.2;2;30;0.0;0.0;0.0;0.0;0.0;0.00;-0.00;
45804.4830694444;2025-05-27 11:35:37;4340602;1;3230.4;21;27810.2;0;0;0.0;0.0;0.0;0.0;0.0;0.00;-0.00;
45804.5204583333;2025-05-27 12:29:28;4372906;2;3.9;21;27810.2;2;31;0.0;0.0;0.0;0.0;0.0;0.00;-0.00;
45804.5205034722;2025-05-27 12:29:32;4372945;1;53.9;21;27810.2;0;0;0.0;0.0;0.0;0.0;0.0;0.00;-0.00;
45804.5211273148;2025-05-27 12:30:25;4373484;2;3.1;21;27810.2;2;39;0.0;0.0;0.0;0.0;0.0;0.00;-0.00;
45804.5211631944;2025-05-27 12:30:29;4373515;1;773.0;21;27810.2;0;0;0.0;0.0;0.0;0.0;0.0;0.00;-0.00;
45804.5301099537;2025-05-27 12:43:22;4381245;2;12.1;21;27810.2;16;79;9.7;0.0;0.0;0.0;0.0;0.00;-0.00;
45804.5302500000;2025-05-27 12:43:34;4381366;1;62.0;21;27810.2;0;0;0.0;0.0;0.0;0.0;0.0;0.00;-0.00;
45804.5309675926;2025-05-27 12:44:36;4381986;2;6.1;21;27810.2;8;79;2.1;0.0;0.0;0.0;0.0;0.00;-0.00;
45804.5310381944;2025-05-27 12:44:42;4382047;1;127.3;21;27810.2;0;0;0.0;0.0;0.0;0.0;0.0;0.00;-0.00;
45804.5325115741;2025-05-27 12:46:49;4383320;2;10.0;21;27810.2;6;36;5.7;0.0;0.0;0.0;0.0;0.00;-0.00;
45804.5326273148;2025-05-27 12:46:59;4383420;1;58.8;21;27810.2;0;0;0.0;0.0;0.0;0.0;0.0;0.00;-0.00;
45804.5333078704;2025-05-27 12:47:58;4384008;2;10.0;21;27810.2;10;60;8.3;0.0;0.0;0.0;0.0;0.00;-0.00;
45804.5334236111;2025-05-27 12:48:08;4384108;1;63.0;21;27810.2;0;0;0.0;0.0;0.0;0.0;0.0;0.00;-0.00;
45804.5341527778;2025-05-27 12:49:11;4384738;2;1.0;21;27810.2;2;120;0.0;0.0;0.0;0.0;0.0;0.00;-0.00;
45804.5341643519;2025-05-27 12:49:12;4384748;1;3186.2;21;27810.2;0;0;0.0;0.0;0.0;0.0;0.0;0.00;-0.00;
45804.5710416667;2025-05-27 13:42:18;4416610;2;10.7;21;27810.2;10;56;4.6;0.0;0.0;0.0;0.0;0.00;-0.00;
45804.5711655093;2025-05-27 13:42:29;4416717;1;19.6;21;27810.2;0;0;0.0;0.0;0.0;0.0;0.0;0.00;-0.00;
45804.5713923611;2025-05-27 13:42:48;4416913;2;10.0;21;27810.2;12;72;8.2;0.0;0.0;0.0;0.0;0.00;-0.00;
45804.5715081018;2025-05-27 13:42:58;4417013;1;39.3;21;27810.2;0;0;0.0;0.0;0.0;0.0;0.0;0.00;-0.00;
45804.5719629630;2025-05-27 13:43:38;4417406;2;1.5;21;27810.2;2;80;0.0;0.0;0.0;0.0;0.0;0.00;-0.00;
45804.5719803241;2025-05-27 13:43:39;4417421;1;66.4;21;27810.2;0;0;0.0;0.0;0.0;0.0;0.0;0.00;-0.00;
45804.5727488426;2025-05-27 13:44:46;4418085;2;2.7;21;27810.2;2;44;0.0;0.0;0.0;0.0;0.0;0.00;-0.00;
45804.5727800926;2025-05-27 13:44:48;4418112;1;88.3;21;27810.2;0;0;0.0;0.0;0.0;0.0;0.0;0.00;-0.00;
45804.5738020833;2025-05-27 13:46:17;4418995;2;2.8;21;27810.2;2;43;0.0;0.0;0.0;0.0;0.0;0.00;-0.00;
45804.5738344907;2025-05-27 13:46:19;4419023;1;108.7;21;27810.2;0;0;0.0;0.0;0.0;0.0;0.0;0.00;-0.00;
45804.5750925926;2025-05-27 13:48:08;4420110;2;1.8;21;27810.2;2;67;0.0;0.0;0.0;0.0;0.0;0.00;-0.00;
45804.5751134259;2025-05-27 13:48:10;4420128;1;15.7;21;27810.2;0;0;0.0;0.0;0.0;0.0;0.0;0.00;-0.00;
45804.5752951389;2025-05-27 13:48:26;4420285;2;3.6;21;27810.2;4;67;1.8;0.0;0.0;0.0;0.0;0.00;-0.00;
45804.5753368056;2025-05-27 13:48:29;4420321;1;25.4;21;27810.2;0;0;0.0;0.0;0.0;0.0;0.0;0.00;-0.00;
45804.5756307870;2025-05-27 13:48:55;4420575;2;26.3;21;27810.2;34;78;8.4;0.0;0.0;0.0;0.0;0.00;-0.00;
45804.5759351852;2025-05-27 13:49:21;4420838;1;4749.7;21;27810.2;0;0;0.0;0.0;0.0;0.0;0.0;0.00;-0.00;
45804.6309085648;2025-05-27 15:08:31;4468335;2;19.9;21;27810.2;22;66;13.2;0.0;0.0;0.0;0.0;0.00;-0.00;
45804.6311388889;2025-05-27 15:08:50;4468534;1;30.5;21;27810.2;0;0;0.0;0.0;0.0;0.0;0.0;0.00;-0.00;
45804.6314918981;2025-05-27 15:09:21;4468839;2;1.4;21;27810.2;2;86;0.0;0.0;0.0;0.0;0.0;0.00;-0.00;
45804.6315081019;2025-05-27 15:09:22;4468853;1;58.9;21;27810.2;0;0;0.0;0.0;0.0;0.0;0.0;0.00;-0.00;
45804.6321898148;2025-05-27 15:10:21;4469442;2;18.7;21;27810.2;16;51;12.1;0.0;0.0;0.0;0.0;0.00;-0.00;
45804.6324062500;2025-05-27 15:10:40;4469629;1;4427.5;21;27810.2;0;0;0.0;0.0;0.0;0.0;0.0;0.00;-0.00;
45804.6836504630;2025-05-27 16:24:27;4513904;2;24.8;21;27810.2;20;48;6.8;0.0;0.0;0.0;0.0;0.00;-0.00;
45804.6839375000;2025-05-27 16:24:52;4514152;1;14.2;21;27810.2;0;0;0.0;0.0;0.0;0.0;0.0;0.00;-0.00;
45804.6841018519;2025-05-27 16:25:06;4514294;2;1.2;21;27810.2;2;100;0.0;0.0;0.0;0.0;0.0;0.00;-0.00;
45804.6841157407;2025-05-27 16:25:08;4514306;1;43.1;21;27810.2;0;0;0.0;0.0;0.0;0.0;0.0;0.00;-0.00;
45804.6846145833;2025-05-27 16:25:51;4514737;2;27.0;21;27810.2;26;58;13.9;0.0;0.0;0.0;0.0;0.00;-0.00;
45804.6849270833;2025-05-27 16:26:18;4515007;1;107.2;21;27810.2;0;0;0.0;0.0;0.0;0.0;0.0;0.00;-0.00;
45804.6861678241;2025-05-27 16:28:05;4516079;2;0.8;21;27810.2;2;150;0.0;0.0;0.0;0.0;0.0;0.00;-0.00;
45804.6861770833;2025-05-27 16:28:06;4516087;1;3957.9;21;27810.2;0;0;0.0;0.0;0.0;0.0;0.0;0.00;-0.00;
45804.7319861111;2025-05-27 17:34:04;4555666;2;8.4;21;27810.2;14;100;4.5;0.0;0.0;0.0;0.0;0.00;-0.00;
45804.7320833333;2025-05-27 17:34:12;4555750;1;15.1;21;27810.2;0;0;0.0;0.0;0.0;0.0;0.0;0.00;-0.00;
45804.7322581019;2025-05-27 17:34:27;4555901;2;10.2;21;27810.2;10;59;3.9;0.0;0.0;0.0;0.0;0.00;-0.00;
45804.7323761574;2025-05-27 17:34:37;4556003;1;64.0;21;27810.2;0;0;0.0;0.0;0.0;0.0;0.0;0.00;-0.00;
45804.7331168981;2025-05-27 17:35:41;4556643;2;3.1;21;27810.2;2;39;0.0;0.0;0.0;0.0;0.0;0.00;-0.00;
45804.7331527778;2025-05-27 17:35:44;4556674;1;10.1;21;27810.2;0;0;0.0;0.0;0.0;0.0;0.0;0.00;-0.00;
45804.7332696759;2025-05-27 17:35:55;4556775;2;31.2;21;27810.2;24;46;5.6;0.0;0.0;0.0;0.0;0.00;-0.00;
45804.7336307870;2025-05-27 17:36:26;4557087;1;296.0;21;27810.2;0;0;0.0;0.0;0.0;0.0;0.0;0.00;-0.00;
45804.7370567130;2025-05-27 17:41:22;4560047;2;14.4;21;27810.2;12;50;1.8;0.0;0.0;0.0;0.0;0.00;-0.00;
45804.7372233796;2025-05-27 17:41:36;4560191;1;49.6;21;27810.2;0;0;0.0;0.0;0.0;0.0;0.0;0.00;-0.00;
45804.7377974537;2025-05-27 17:42:26;4560687;2;12.8;21;27810.2;10;47;11.0;0.0;0.0;0.0;0.0;0.00;-0.00;
45804.7379456019;2025-05-27 17:42:39;4560815;1;16.9;21;27810.2;0;0;0.0;0.0;0.0;0.0;0.0;0.00;-0.00;
45804.7381412037;2025-05-27 17:42:55;4560984;2;13.2;21;27810.2;12;55;4.9;0.0;0.0;0.0;0.0;0.00;-0.00;
45804.7382939815;2025-05-27 17:43:09;4561116;1;8.0;21;27810.2;0;0;0.0;0.0;0.0;0.0;0.0;0.00;-0.00;
45804.7383865741;2025-05-27 17:43:17;4561196;2;0.9;21;27810.2;2;133;0.0;0.0;0.0;0.0;0.0;0.00;-0.00;
45804.7383969907;2025-05-27 17:43:18;4561205;1;1091.6;21;27810.2;0;0;0.0;0.0;0.0;0.0;0.0;0.00;-0.00;
45804.7510312500;2025-05-27 18:01:29;4572121;2;18.4;21;27810.2;18;59;13.3;0.0;0.0;0.0;0.0;0.00;-0.00;
45804.7512442130;2025-05-27 18:01:48;4572305;1;13.7;21;27810.2;0;0;0.0;0.0;0.0;0.0;0.0;0.00;-0.00;
45804.7514027778;2025-05-27 18:02:01;4572442;2;8.2;21;27810.2;12;88;6.5;0.0;0.0;0.0;0.0;0.00;-0.00;
45804.7514976852;2025-05-27 18:02:09;4572524;1;2740.7;21;27810.2;0;0;0.0;0.0;0.0;0.0;0.0;0.00;-0.00;
45804.7832187500;2025-05-27 18:47:50;4599931;2;12.2;21;27810.2;14;69;9.5;0.0;0.0;0.0;0.0;0.00;-0.00;
45804.7833599537;2025-05-27 18:48:02;4600053;1;15.8;21;27810.2;0;0;0.0;0.0;0.0;0.0;0.0;0.00;-0.00;
45804.7835428241;2025-05-27 18:48:18;4600211;2;2.5;21;27810.2;2;48;0.0;0.0;0.0;0.0;0.0;0.00;-0.00;
45804.7835717593;2025-05-27 18:48:21;4600236;1;93.0;21;27810.2;0;0;0.0;0.0;0.0;0.0;0.0;0.00;-0.00;
45804.7846481481;2025-05-27 18:49:54;4601166;2;5.4;21;27810.2;2;22;0.0;0.0;0.0;0.0;0.0;0.00;-0.00;
45804.7847106481;2025-05-27 18:49:59;4601220;1;8.5;21;27810.2;0;0;0.0;0.0;0.0;0.0;0.0;0.00;-0.00;
45804.7848090278;2025-05-27 18:50:08;4601305;2;0.9;21;27810.2;2;133;0.0;0.0;0.0;0.0;0.0;0.00;-0.00;
45804.7848194444;2025-05-27 18:50:08;4601314;1;110.6;21;27810.2;0;0;0.0;0.0;0.0;0.0;0.0;0.00;-0.00;
45804.7860995370;2025-05-27 18:51:59;4602420;2;4.0;21;27810.2;2;30;0.0;0.0;0.0;0.0;0.0;0.00;-0.00;
45804.7861458333;2025-05-27 18:52:03;4602460;1;30.6;21;27810.2;0;0;0.0;0.0;0.0;0.0;0.0;0.00;-0.00;
45804.7865000000;2025-05-27 18:52:34;4602766;2;2.1;21;27810.2;2;57;0.0;0.0;0.0;0.0;0.0;0.00;-0.00;
45804.7865243056;2025-05-27 18:52:36;4602787;1;1513.1;21;27810.2;0;0;0.0;0.0;0.0;0.0;0.0;0.00;-0.00;
45804.8040370370;2025-05-27 19:17:49;4617918;4;18718.3;0;0.0;0;0;0.0;0.0;0.0;0.0;0.0;0.00;-0.00;
45805.0206840278;2025-05-28 00:29:47;4805101;1;214.2;22;214.2;0;0;0.0;0.0;0.0;0.0;0.0;0.00;-0.00;
45805.0231631944;2025-05-28 00:33:21;4807243;4;3731.1;0;0.0;0;0;0.0;0.0;0.0;0.0;0.0;0.00;-0.00;
45805.0663472222;2025-05-28 01:35:32;4844554;1;179.4;23;179.4;0;0;0.0;0.0;0.0;0.0;0.0;0.00;-0.00;
45805.0684236111;2025-05-28 01:38:32;4846348;4;1593.4;0;0.0;0;0;0.0;0.0;0.0;0.0;0.0;0.00;-0.00;
45805.0868657407;2025-05-28 02:05:05;4862282;1;7.0;24;7.0;0;0;0.0;0.0;0.0;0.0;0.0;0.00;-0.00;
45805.0869467593;2025-05-28 02:05:12;4862352;4;16251.1;0;0.0;0;0;0.0;0.0;0.0;0.0;0.0;0.00;-0.00;
45805.2750381944;2025-05-28 06:36:03;5024863;1;113.6;25;113.6;0;0;0.0;0.0;0.0;0.0;0.0;0.00;-0.00;
45805.2763530093;2025-05-28 06:37:57;5025999;4;4601.5;0;0.0;0;0;0.0;0.0;0.0;0.0;0.0;0.00;-0.00;
45805.3296111111;2025-05-28 07:54:38;5072014;1;95.9;26;35153.5;0;0;0.0;0.0;0.0;0.0;0.0;0.00;-0.00;
45805.3307210648;2025-05-28 07:56:14;5072973;2;0.9;26;35153.5;2;133;0.0;0.0;0.0;0.0;0.0;0.00;-0.00;
45805.3307314815;2025-05-28 07:56:15;5072982;1;44.0;26;35153.5;0;0;0.0;0.0;0.0;0.0;0.0;0.00;-0.00;
45805.3312407407;2025-05-28 07:56:59;5073422;2;1.4;26;35153.5;2;86;0.0;0.0;0.0;0.0;0.0;0.00;-0.00;
45805.3312569444;2025-05-28 07:57:01;5073436;1;28.4;26;35153.5;0;0;0.0;0.0;0.0;0.0;0.0;0.00;-0.00;
45805.3315856481;2025-05-28 07:57:29;5073720;2;10.9;26;35153.5;10;55;4.1;0.0;0.0;0.0;0.0;0.00;-0.00;
45805.3317118056;2025-05-28 07:57:40;5073829;1;106.0;26;35153.5;0;0;0.0;0.0;0.0;0.0;0.0;0.00;-0.00;
45805.3329386574;2025-05-28 07:59:26;5074889;2;25.6;26;35153.5;26;61;6.8;0.0;0.0;0.0;0.0;0.00;-0.00;
45805.3332349537;2025-05-28 07:59:52;5075145;1;151.0;26;35153.5;0;0;0.0;0.0;0.0;0.0;0.0;0.00;-0.00;
45805.3349826389;2025-05-28 08:02:23;5076655;2;11.5;26;35153.5;12;63;9.8;0.0;0.0;0.0;0.0;0.00;-0.00;
45805.3351157407;2025-05-28 08:02:34;5076770;1;40.1;26;35153.5;0;0;0.0;0.0;0.0;0.0;0.0;0.00;-0.00;
45805.3355798611;2025-05-28 08:03:14;5077171;2;5.4;26;35153.5;2;22;0.0;0.0;0.0;0.0;0.0;0.00;-0.00;
45805.3356423611;2025-05-28 08:03:20;5077225;1;1158.4;26;35153.5;0;0;0.0;0.0;0.0;0.0;0.0;0.00;-0.00;
45805.3490497685;2025-05-28 08:22:38;5088809;2;19.1;26;35153.5;18;57;8.7;0.0;0.0;0.0;0.0;0.00;-0.00;
45805.3492708333;2025-05-28 08:22:57;5089000;1;117.8;26;35153.5;0;0;0.0;0.0;0.0;0.0;0.0;0.00;-0.00;
45805.3506342593;2025-05-28 08:24:55;5090178;2;4.4;26;35153.5;6;82;1.0;0.0;0.0;0.0;0.0;0.00;-0.00;
45805.3506851852;2025-05-28 08:24:59;5090222;1;34.2;26;35153.5;0;0;0.0;0.0;0.0;0.0;0.0;0.00;-0.00;
45805.3510810185;2025-05-28 08:25:33;5090564;2;11.5;26;35153.5;14;73;10.1;0.0;0.0;0.0;0.0;0.00;-0.00;
45805.3512141204;2025-05-28 08:25:45;5090679;1;8.0;26;35153.5;0;0;0.0;0.0;0.0;0.0;0.0;0.00;-0.00;
45805.3513067130;2025-05-28 08:25:53;5090759;2;3.5;26;35153.5;4;69;1.4;0.0;0.0;0.0;0.0;0.00;-0.00;
45805.3513472222;2025-05-28 08:25:56;5090794;1;5352.7;26;35153.5;0;0;0.0;0.0;0.0;0.0;0.0;0.00;-0.00;
45805.4132997685;2025-05-28 09:55:09;5144321;2;17.9;26;35153.5;18;60;5.1;0.0;0.0;0.0;0.0;0.00;-0.00;
45805.4135069444;2025-05-28 09:55:27;5144500;1;12.9;26;35153.5;0;0;0.0;0.0;0.0;0.0;0.0;0.00;-0.00;
45805.4136562500;2025-05-28 09:55:40;5144629;2;3.3;26;35153.5;4;73;1.7;0.0;0.0;0.0;0.0;0.00;-0.00;
45805.4136944444;2025-05-28 09:55:43;5144662;1;14.6;26;35153.5;0;0;0.0;0.0;0.0;0.0;0.0;0.00;-0.00;
45805.4138634259;2025-05-28 09:55:58;5144808;2;1.9;26;35153.5;2;63;0.0;0.0;0.0;0.0;0.0;0.00;-0.00;
45805.4138854167;2025-05-28 09:56:00;5144827;1;21.4;26;35153.5;0;0;0.0;0.0;0.0;0.0;0.0;0.00;-0.00;
45805.4141331019;2025-05-28 09:56:21;5145041;2;24.3;26;35153.5;26;64;11.1;0.0;0.0;0.0;0.0;0.00;-0.00;
45805.4144143518;2025-05-28 09:56:45;5145284;1;5044.8;26;35153.5;0;0;0.0;0.0;0.0;0.0;0.0;0.00;-0.00;
45805.4728032407;2025-05-28 11:20:50;5195732;2;21.2;26;35153.5;16;45;5.7;0.0;0.0;0.0;0.0;0.00;-0.00;
45805.4730486111;2025-05-28 11:21:11;5195944;1;11.3;26;35153.5;0;0;0.0;0.0;0.0;0.0;0.0;0.00;-0.00;
45805.4731793981;2025-05-28 11:21:23;5196057;2;2.6;26;35153.5;2;46;0.0;0.0;0.0;0.0;0.0;0.00;-0.00;
45805.4732094907;2025-05-28 11:21:25;5196083;1;45.5;26;35153.5;0;0;0.0;0.0;0.0;0.0;0.0;0.00;-0.00;
45805.4737361111;2025-05-28 11:22:11;5196538;2;7.0;26;35153.5;4;34;3.7;0.0;0.0;0.0;0.0;0.00;-0.00;
45805.4738171296;2025-05-28 11:22:18;5196608;1;169.0;26;35153.5;0;0;0.0;0.0;0.0;0.0;0.0;0.00;-0.00;
45805.4757731482;2025-05-28 11:25:07;5198298;2;5.9;26;35153.5;4;41;3.4;0.0;0.0;0.0;0.0;0.00;-0.00;
45805.4758414352;2025-05-28 11:25:13;5198357;1;72.7;26;35153.5;0;0;0.0;0.0;0.0;0.0;0.0;0.00;-0.00;
45805.4766828704;2025-05-28 11:26:25;5199084;2;9.4;26;35153.5;8;51;6.9;0.0;0.0;0.0;0.0;0.00;-0.00;
45805.4767916667;2025-05-28 11:26:35;5199178;1;7.8;26;35153.5;0;0;0.0;0.0;0.0;0.0;0.0;0.00;-0.00;
45805.4768819444;2025-05-28 11:26:43;5199256;2;1.0;26;35153.5;2;120;0.0;0.0;0.0;0.0;0.0;0.00;-0.00;
45805.4768935185;2025-05-28 11:26:44;5199266;1;36.1;26;35153.5;0;0;0.0;0.0;0.0;0.0;0.0;0.00;-0.00;
45805.4773113426;2025-05-28 11:27:20;5199627;2;1.7;26;35153.5;2;71;0.0;0.0;0.0;0.0;0.0;0.00;-0.00;
45805.4773310185;2025-05-28 11:27:21;5199644;1;22.8;26;35153.5;0;0;0.0;0.0;0.0;0.0;0.0;0.00;-0.00;
45805.4775949074;2025-05-28 11:27:44;5199872;2;21.2;26;35153.5;22;62;11.4;0.0;0.0;0.0;0.0;0.00;-0.00;
45805.4778402778;2025-05-28 11:28:05;5200084;1;222.4;26;35153.5;0;0;0.0;0.0;0.0;0.0;0.0;0.00;-0.00;
45805.4804143518;2025-05-28 11:31:48;5202308;2;1.1;26;35153.5;2;109;0.0;0.0;0.0;0.0;0.0;0.00;-0.00;
45805.4804270833;2025-05-28 11:31:49;5202319;1;5653.4;26;35153.5;0;0;0.0;0.0;0.0;0.0;0.0;0.00;-0.00;
45805.5458599537;2025-05-28 13:06:02;5258853;2;6.0;26;35153.5;6;60;4.0;0.0;0.0;0.0;0.0;0.00;-0.00;
45805.5459293981;2025-05-28 13:06:08;5258913;1;42.9;26;35153.5;0;0;0.0;0.0;0.0;0.0;0.0;0.00;-0.00;
45805.5464259259;2025-05-28 13:06:51;5259342;2;4.3;26;35153.5;4;56;1.7;0.0;0.0;0.0;0.0;0.00;-0.00;
45805.5464756944;2025-05-28 13:06:56;5259385;1;12.3;26;35153.5;0;0;0.0;0.0;0.0;0.0;0.0;0.00;-0.00;
45805.5466180556;2025-05-28 13:07:08;5259508;2;8.0;26;35153.5;6;45;6.2;0.0;0.0;0.0;0.0;0.00;-0.00;
45805.5467106481;2025-05-28 13:07:16;5259588;1;15.1;26;35153.5;0;0;0.0;0.0;0.0;0.0;0.0;0.00;-0.00;
45805.5468854167;2025-05-28 13:07:31;5259739;2;4.0;26;35153.5;4;60;1.3;0.0;0.0;0.0;0.0;0.00;-0.00;
45805.5469317130;2025-05-28 13:07:35;5259779;1;59.9;26;35153.5;0;0;0.0;0.0;0.0;0.0;0.0;0.00;-0.00;
45805.5476250000;2025-05-28 13:08:35;5260378;2;491.2;26;35153.5;608;74;152.2;52.2;40.8;0.0;361.2;0.00;-0.91;
45805.5533101852;2025-05-28 13:16:46;5265290;1;58.7;26;35153.5;0;0;0.0;0.0;0.0;0.0;0.0;0.00;-0.00;
45805.5539895833;2025-05-28 13:17:45;5265877;2;366.9;26;35153.5;452;74;261.3;0.0;0.0;0.0;354.4;1.81;-2.45;
45805.5582361111;2025-05-28 13:23:52;5269546;1;17.9;26;35153.5;0;0;0.0;0.0;0.0;0.0;0.0;0.00;-0.00;
45805.5584432870;2025-05-28 13:24:10;5269725;2;6.2;26;35153.5;4;39;2.8;0.0;0.0;0.0;0.0;0.00;-0.00;
45805.5585150463;2025-05-28 13:24:16;5269787;1;8.9;26;35153.5;0;0;0.0;0.0;0.0;0.0;0.0;0.00;-0.00;
45805.5586180556;2025-05-28 13:24:25;5269876;2;1.4;26;35153.5;2;86;0.0;0.0;0.0;0.0;0.0;0.00;-0.00;
45805.5586342593;2025-05-28 13:24:26;5269890;1;41.7;26;35153.5;0;0;0.0;0.0;0.0;0.0;0.0;0.00;-0.00;
45805.5591168981;2025-05-28 13:25:08;5270307;2;10.6;26;35153.5;10;57;5.1;0.0;0.0;0.0;0.0;0.00;-0.00;
45805.5592395833;2025-05-28 13:25:18;5270413;1;7089.7;26;35153.5;0;0;0.0;0.0;0.0;0.0;0.0;0.00;-0.00;
45805.6412962963;2025-05-28 15:23:28;5341310;2;4.1;26;35153.5;6;88;2.0;0.0;0.0;0.0;0.0;0.00;-0.00;
45805.6413437500;2025-05-28 15:23:32;5341351;1;255.8;26;35153.5;0;0;0.0;0.0;0.0;0.0;0.0;0.00;-0.00;
45805.6443043981;2025-05-28 15:27:48;5343909;2;23.9;26;35153.5;26;65;4.7;0.0;0.0;0.0;0.0;0.00;-0.00;
45805.6445810185;2025-05-28 15:28:12;5344148;1;59.3;26;35153.5;0;0;0.0;0.0;0.0;0.0;0.0;0.00;-0.00;
45805.6452673611;2025-05-28 15:29:11;5344741;2;11.0;26;35153.5;10;55;2.3;0.0;0.0;0.0;0.0;0.00;-0.00;
45805.6453946759;2025-05-28 15:29:22;5344851;1;149.7;26;35153.5;0;0;0.0;0.0;0.0;0.0;0.0;0.00;-0.00;
45805.6471273148;2025-05-28 15:31:52;5346348;2;10.8;26;35153.5;6;33;0.0;0.0;0.0;0.0;0.0;0.00;-0.00;
45805.6472523148;2025-05-28 15:32:03;5346456;1;64.7;26;35153.5;0;0;0.0;0.0;0.0;0.0;0.0;0.00;-0.00;
45805.6480011574;2025-05-28 15:33:07;5347103;2;13.9;26;35153.5;12;52;6.5;0.0;0.0;0.0;0.0;0.00;-0.00;
45805.6481620370;2025-05-28 15:33:21;5347242;1;45.6;26;35153.5;0;0;0.0;0.0;0.0;0.0;0.0;0.00;-0.00;
45805.6486898148;2025-05-28 15:34:07;5347698;2;4.8;26;35153.5;4;50;1.2;0.0;0.0;0.0;0.0;0.00;-0.00;
45805.6487453704;2025-05-28 15:34:12;5347746;1;181.7;26;35153.5;0;0;0.0;0.0;0.0;0.0;0.0;0.00;-0.00;
45805.6508483796;2025-05-28 15:37:13;5349563;2;5.4;26;35153.5;6;67;2.1;0.0;0.0;0.0;0.0;0.00;-0.00;
45805.6509108796;2025-05-28 15:37:19;5349617;1;11.5;26;35153.5;0;0;0.0;0.0;0.0;0.0;0.0;0.00;-0.00;
45805.6510439815;2025-05-28 15:37:30;5349732;2;7.9;26;35153.5;4;30;5.0;0.0;0.0;0.0;0.0;0.00;-0.00;
45805.6511354167;2025-05-28 15:37:38;5349811;1;20.7;26;35153.5;0;0;0.0;0.0;0.0;0.0;0.0;0.00;-0.00;
45805.6513750000;2025-05-28 15:37:59;5350018;2;15.8;26;35153.5;12;46;7.8;0.0;0.0;0.0;0.0;0.00;-0.00;
45805.6515578704;2025-05-28 15:38:15;5350176;1;3005.9;26;35153.5;0;0;0.0;0.0;0.0;0.0;0.0;0.00;-0.00;
45805.6863483796;2025-05-28 16:28:21;5380235;2;10.3;26;35153.5;12;70;6.6;0.0;0.0;0.0;0.0;0.00;-0.00;
45805.6864675926;2025-05-28 16:28:31;5380338;1;7.1;26;35153.5;0;0;0.0;0.0;0.0;0.0;0.0;0.00;-0.00;
45805.6865497685;2025-05-28 16:28:38;5380409;2;4.0;26;35153.5;4;60;1.8;0.0;0.0;0.0;0.0;0.00;-0.00;
45805.6865960648;2025-05-28 16:28:42;5380449;1;159.4;26;35153.5;0;0;0.0;0.0;0.0;0.0;0.0;0.00;-0.00;
45805.6884409722;2025-05-28 16:31:21;5382043;2;4.5;26;35153.5;6;80;3.2;0.0;0.0;0.0;0.0;0.00;-0.00;
45805.6884930556;2025-05-28 16:31:26;5382088;1;34.3;26;35153.5;0;0;0.0;0.0;0.0;0.0;0.0;0.00;-0.00;
45805.6888900463;2025-05-28 16:32:00;5382431;2;9.2;26;35153.5;10;65;6.4;0.0;0.0;0.0;0.0;0.00;-0.00;
45805.6889965278;2025-05-28 16:32:09;5382523;1;3439.4;26;35153.5;0;0;0.0;0.0;0.0;0.0;0.0;0.00;-0.00;
45805.7288043981;2025-05-28 17:29:29;5416917;2;7.9;26;35153.5;10;76;6.2;0.0;0.0;0.0;0.0;0.00;-0.00;
45805.7288958333;2025-05-28 17:29:37;5416996;1;7.7;26;35153.5;0;0;0.0;0.0;0.0;0.0;0.0;0.00;-0.00;
45805.7289849537;2025-05-28 17:29:44;5417073;2;16.0;26;35153.5;12;45;8.3;0.0;0.0;0.0;0.0;0.00;-0.00;
45805.7291701389;2025-05-28 17:30:00;5417233;1;11.0;26;35153.5;0;0;0.0;0.0;0.0;0.0;0.0;0.00;-0.00;
45805.7292974537;2025-05-28 17:30:11;5417343;2;8.5;26;35153.5;10;71;3.2;0.0;0.0;0.0;0.0;0.00;-0.00;
45805.7293958333;2025-05-28 17:30:20;5417428;1;207.8;26;35153.5;0;0;0.0;0.0;0.0;0.0;0.0;0.00;-0.00;
45805.7318009259;2025-05-28 17:33:48;5419506;2;2.0;26;35153.5;4;120;0.9;0.0;0.0;0.0;0.0;0.00;-0.00;
45805.7318240741;2025-05-28 17:33:50;5419526;1;32.0;26;35153.5;0;0;0.0;0.0;0.0;0.0;0.0;0.00;-0.00;
45805.7321944444;2025-05-28 17:34:22;5419846;2;2.9;26;35153.5;4;83;1.5;0.0;0.0;0.0;0.0;0.00;-0.00;
45805.7322280093;2025-05-28 17:34:25;5419875;1;156.9;26;35153.5;0;0;0.0;0.0;0.0;0.0;0.0;0.00;-0.00;
45805.7340439815;2025-05-28 17:37:01;5421444;2;8.4;26;35153.5;4;29;0.0;0.0;0.0;0.0;0.0;0.00;-0.00;
45805.7341412037;2025-05-28 17:37:10;5421528;1;7.1;26;35153.5;0;0;0.0;0.0;0.0;0.0;0.0;0.00;-0.00;
45805.7342233796;2025-05-28 17:37:17;5421599;2;11.5;26;35153.5;6;31;1.8;0.0;0.0;0.0;0.0;0.00;-0.00;
45805.7343564815;2025-05-28 17:37:28;5421714;1;106.8;26;35153.5;0;0;0.0;0.0;0.0;0.0;0.0;0.00;-0.00;
45805.7355925926;2025-05-28 17:39:15;5422782;2;4.9;26;35153.5;2;24;0.0;0.0;0.0;0.0;0.0;0.00;-0.00;
45805.7356493056;2025-05-28 17:39:20;5422831;1;71.8;26;35153.5;0;0;0.0;0.0;0.0;0.0;0.0;0.00;-0.00;
45805.7364803241;2025-05-28 17:40:32;5423549;0;30.2;0;0.0;0;0;0.0;0.0;0.0;0.0;0.0;0.00;-0.00;
45805.7368298611;2025-05-28 17:41:02;5423851;1;1545.0;27;1545.0;0;0;0.0;0.0;0.0;0.0;0.0;0.00;-0.00;
45805.7547118056;2025-05-28 18:06:47;5439301;4;2294.1;0;0.0;0;0;0.0;0.0;0.0;0.0;0.0;0.00;-0.00;
45805.7812638889;2025-05-28 18:45:01;5462242;1;175.2;28;175.2;0;0;0.0;0.0;0.0;0.0;0.0;0.00;-0.00;
45805.7832916667;2025-05-28 18:47:56;5463994;4;7651.7;0;0.0;0;0;0.0;0.0;0.0;0.0;0.0;0.00;-0.00;
45805.8718530093;2025-05-28 20:55:28;5540511;1;448.9;29;448.9;0;0;0.0;0.0;0.0;0.0;0.0;0.00;-0.00;
45805.8770486111;2025-05-28 21:02:57;5545000;4;13046.8;0;0.0;0;0;0.0;0.0;0.0;0.0;0.0;0.00;-0.00;
45806.0280532407;2025-05-29 00:40:24;5675468;1;1372.6;30;1372.6;0;0;0.0;0.0;0.0;0.0;0.0;0.00;-0.00;
45806.0439398148;2025-05-29 01:03:16;5689194;4;1049.1;0;0.0;0;0;0.0;0.0;0.0;0.0;0.0;0.00;-0.00;
45806.0560821759;2025-05-29 01:20:46;5699685;1;10.4;31;10.4;0;0;0.0;0.0;0.0;0.0;0.0;0.00;-0.00;
45806.0562025463;2025-05-29 01:20:56;5699789;4;16995.2;0;0.0;0;0;0.0;0.0;0.0;0.0;0.0;0.00;-0.00;
45806.2529062500;2025-05-29 06:04:11;5869741;1;107.0;32;1365.1;0;0;0.0;0.0;0.0;0.0;0.0;0.00;-0.00;
45806.2541446759;2025-05-29 06:05:58;5870811;2;3.6;32;1365.1;4;67;1.4;0.0;0.0;0.0;0.0;0.00;-0.00;
45806.2541863426;2025-05-29 06:06:02;5870847;1;63.0;32;1365.1;0;0;0.0;0.0;0.0;0.0;0.0;0.00;-0.00;
45806.2549155093;2025-05-29 06:07:05;5871477;2;4.7;32;1365.1;4;51;2.4;0.0;0.0;0.0;0.0;0.00;-0.00;
45806.2549699074;2025-05-29 06:07:09;5871524;1;49.7;32;1365.1;0;0;0.0;0.0;0.0;0.0;0.0;0.00;-0.00;
45806.2555451389;2025-05-29 06:07:59;5872021;2;3.5;32;1365.1;2;34;0.0;0.0;0.0;0.0;0.0;0.00;-0.00;
45806.2555856481;2025-05-29 06:08:03;5872056;1;12.6;32;1365.1;0;0;0.0;0.0;0.0;0.0;0.0;0.00;-0.00;
45806.2557314815;2025-05-29 06:08:15;5872182;2;6.5;32;1365.1;4;37;2.7;0.0;0.0;0.0;0.0;0.00;-0.00;
45806.2558067130;2025-05-29 06:08:22;5872247;1;17.0;32;1365.1;0;0;0.0;0.0;0.0;0.0;0.0;0.00;-0.00;
45806.2560034722;2025-05-29 06:08:39;5872417;2;2.6;32;1365.1;2;46;0.0;0.0;0.0;0.0;0.0;0.00;-0.00;
45806.2560335648;2025-05-29 06:08:41;5872443;1;10.2;32;1365.1;0;0;0.0;0.0;0.0;0.0;0.0;0.00;-0.00;
45806.2561516204;2025-05-29 06:08:52;5872545;2;2.9;32;1365.1;2;41;0.0;0.0;0.0;0.0;0.0;0.00;-0.00;
45806.2561851852;2025-05-29 06:08:54;5872574;1;12.3;32;1365.1;0;0;0.0;0.0;0.0;0.0;0.0;0.00;-0.00;
45806.2563275463;2025-05-29 06:09:07;5872697;2;8.8;32;1365.1;8;55;7.1;0.0;0.0;0.0;0.0;0.00;-0.00;
45806.2564293981;2025-05-29 06:09:16;5872785;1;10.0;32;1365.1;0;0;0.0;0.0;0.0;0.0;0.0;0.00;-0.00;
45806.2565451389;2025-05-29 06:09:26;5872885;2;20.0;32;1365.1;18;54;17.0;17.0;0.0;0.0;0.0;0.00;-0.00;
45806.2567766204;2025-05-29 06:09:46;5873085;1;7.2;32;1365.1;0;0;0.0;0.0;0.0;0.0;0.0;0.00;-0.00;
45806.2568599537;2025-05-29 06:09:53;5873157;2;5.2;32;1365.1;4;46;2.5;0.0;0.0;0.0;0.0;0.00;-0.00;
45806.2569201389;2025-05-29 06:09:58;5873209;1;20.6;32;1365.1;0;0;0.0;0.0;0.0;0.0;0.0;0.00;-0.00;
45806.2571585648;2025-05-29 06:10:19;5873415;2;8.0;32;1365.1;4;30;2.4;0.0;0.0;0.0;0.0;0.00;-0.00;
45806.2572511574;2025-05-29 06:10:27;5873495;1;507.6;32;1365.1;0;0;0.0;0.0;0.0;0.0;0.0;0.00;-0.00;
45806.2631261574;2025-05-29 06:18:54;5878571;2;4.3;32;1365.1;2;28;0.0;0.0;0.0;0.0;0.0;0.00;-0.00;
45806.2631759259;2025-05-29 06:18:58;5878614;1;17.2;32;1365.1;0;0;0.0;0.0;0.0;0.0;0.0;0.00;-0.00;
45806.2633750000;2025-05-29 06:19:16;5878786;2;4.5;32;1365.1;2;27;0.0;0.0;0.0;0.0;0.0;0.00;-0.00;
45806.2634270833;2025-05-29 06:19:20;5878831;1;45.8;32;1365.1;0;0;0.0;0.0;0.0;0.0;0.0;0.00;-0.00;
45806.2639571759;2025-05-29 06:20:06;5879289;2;6.1;32;1365.1;6;59;1.8;0.0;0.0;0.0;0.0;0.00;-0.00;
45806.2640277778;2025-05-29 06:20:12;5879350;1;176.4;32;1365.1;0;0;0.0;0.0;0.0;0.0;0.0;0.00;-0.00;
45806.2660694444;2025-05-29 06:23:08;5881114;2;8.2;32;1365.1;6;44;6.8;0.0;0.0;0.0;0.0;0.00;-0.00;
45806.2661643519;2025-05-29 06:23:17;5881196;1;219.6;32;1365.1;0;0;0.0;0.0;0.0;0.0;0.0;0.00;-0.00;
45806.2687060185;2025-05-29 06:26:56;5883392;0;55.0;0;0.0;0;0;0.0;0.0;0.0;0.0;0.0;0.00;-0.00;
45806.2693425926;2025-05-29 06:27:51;5883942;1;10.2;33;16404.1;0;0;0.0;0.0;0.0;0.0;0.0;0.00;-0.00;
45806.2694606481;2025-05-29 06:28:01;5884044;2;0.8;33;16404.1;2;150;0.0;0.0;0.0;0.0;0.0;0.00;-0.00;
45806.2694699074;2025-05-29 06:28:02;5884052;1;153.5;33;16404.1;0;0;0.0;0.0;0.0;0.0;0.0;0.00;-0.00;
45806.2712465278;2025-05-29 06:30:36;5885587;2;1.3;33;16404.1;2;92;0.0;0.0;0.0;0.0;0.0;0.00;-0.00;
45806.2712615741;2025-05-29 06:30:37;5885600;1;57.5;33;16404.1;0;0;0.0;0.0;0.0;0.0;0.0;0.00;-0.00;
45806.2719270833;2025-05-29 06:31:35;5886175;2;8.2;33;16404.1;10;73;5.4;0.0;0.0;0.0;0.0;0.00;-0.00;
45806.2720219907;2025-05-29 06:31:43;5886257;1;22.1;33;16404.1;0;0;0.0;0.0;0.0;0.0;0.0;0.00;-0.00;
45806.2722777778;2025-05-29 06:32:05;5886478;2;19.5;33;16404.1;14;43;6.5;0.0;0.0;0.0;0.0;0.00;-0.00;
45806.2725034722;2025-05-29 06:32:24;5886673;1;70.5;33;16404.1;0;0;0.0;0.0;0.0;0.0;0.0;0.00;-0.00;
45806.2733194444;2025-05-29 06:33:35;5887378;2;8.2;33;16404.1;10;73;6.4;0.0;0.0;0.0;0.0;0.00;-0.00;
45806.2734143519;2025-05-29 06:33:43;5887460;1;18.8;33;16404.1;0;0;0.0;0.0;0.0;0.0;0.0;0.00;-0.00;
45806.2736319444;2025-05-29 06:34:02;5887648;2;17.1;33;16404.1;12;42;9.6;0.0;0.0;0.0;0.0;0.00;-0.00;
45806.2738298611;2025-05-29 06:34:19;5887819;1;9.0;33;16404.1;0;0;0.0;0.0;0.0;0.0;0.0;0.00;-0.00;
45806.2739340278;2025-05-29 06:34:28;5887909;2;1.4;33;16404.1;2;86;0.0;0.0;0.0;0.0;0.0;0.00;-0.00;
45806.2739502315;2025-05-29 06:34:29;5887923;1;7.7;33;16404.1;0;0;0.0;0.0;0.0;0.0;0.0;0.00;-0.00;
45806.2740393519;2025-05-29 06:34:37;5888000;2;21.8;33;16404.1;20;55;6.7;0.0;0.0;0.0;0.0;0.00;-0.00;
45806.2742916667;2025-05-29 06:34:59;5888218;1;9.6;33;16404.1;0;0;0.0;0.0;0.0;0.0;0.0;0.00;-0.00;
45806.2744027778;2025-05-29 06:35:08;5888314;2;4.1;33;16404.1;6;88;1.2;0.0;0.0;0.0;0.0;0.00;-0.00;
45806.2744502315;2025-05-29 06:35:13;5888355;1;8.0;33;16404.1;0;0;0.0;0.0;0.0;0.0;0.0;0.00;-0.00;
45806.2745428241;2025-05-29 06:35:21;5888435;2;14.6;33;16404.1;12;49;5.4;0.0;0.0;0.0;0.0;0.00;-0.00;
45806.2747118056;2025-05-29 06:35:35;5888581;1;283.4;33;16404.1;0;0;0.0;0.0;0.0;0.0;0.0;0.00;-0.00;
45806.2779918981;2025-05-29 06:40:19;5891415;2;4.9;33;16404.1;2;24;0.0;0.0;0.0;0.0;0.0;0.00;-0.00;
45806.2780486111;2025-05-29 06:40:23;5891464;1;144.8;33;16404.1;0;0;0.0;0.0;0.0;0.0;0.0;0.00;-0.00;
45806.2797245370;2025-05-29 06:42:48;5892912;2;5.4;33;16404.1;2;22;0.0;0.0;0.0;0.0;0.0;0.00;-0.00;
45806.2797870370;2025-05-29 06:42:54;5892966;1;3071.2;33;16404.1;0;0;0.0;0.0;0.0;0.0;0.0;0.00;-0.00;
45806.3153333333;2025-05-29 07:34:05;5923678;2;28.2;33;16404.1;26;55;8.7;0.0;0.0;0.0;0.0;0.00;-0.00;
45806.3156597222;2025-05-29 07:34:33;5923960;1;59.6;33;16404.1;0;0;0.0;0.0;0.0;0.0;0.0;0.00;-0.00;
45806.3163495370;2025-05-29 07:35:33;5924556;2;7.9;33;16404.1;4;30;0.0;0.0;0.0;0.0;0.0;0.00;-0.00;
45806.3164409722;2025-05-29 07:35:41;5924635;1;36.9;33;16404.1;0;0;0.0;0.0;0.0;0.0;0.0;0.00;-0.00;
45806.3168680556;2025-05-29 07:36:17;5925004;2;30.4;33;16404.1;24;47;16.2;16.2;0.0;0.0;0.0;0.00;-0.00;
45806.3172199074;2025-05-29 07:36:48;5925308;1;1483.3;33;16404.1;0;0;0.0;0.0;0.0;0.0;0.0;0.00;-0.00;
45806.3343877315;2025-05-29 08:01:31;5940141;2;20.6;33;16404.1;20;58;7.3;0.0;0.0;0.0;0.0;0.00;-0.00;
45806.3346261574;2025-05-29 08:01:52;5940347;1;16.3;33;16404.1;0;0;0.0;0.0;0.0;0.0;0.0;0.00;-0.00;
45806.3348148148;2025-05-29 08:02:08;5940510;2;3.4;33;16404.1;4;71;0.0;0.0;0.0;0.0;0.0;0.00;-0.00;
45806.3348541667;2025-05-29 08:02:11;5940544;1;10.9;33;16404.1;0;0;0.0;0.0;0.0;0.0;0.0;0.00;-0.00;
45806.3349803241;2025-05-29 08:02:22;5940653;2;5.6;33;16404.1;2;21;0.0;0.0;0.0;0.0;0.0;0.00;-0.00;
45806.3350451389;2025-05-29 08:02:28;5940709;1;77.7;33;16404.1;0;0;0.0;0.0;0.0;0.0;0.0;0.00;-0.00;
45806.3359444444;2025-05-29 08:03:46;5941486;2;3.7;33;16404.1;2;32;0.0;0.0;0.0;0.0;0.0;0.00;-0.00;
45806.3359872685;2025-05-29 08:03:49;5941523;1;13.9;33;16404.1;0;0;0.0;0.0;0.0;0.0;0.0;0.00;-0.00;
45806.3361481481;2025-05-29 08:04:03;5941662;2;13.1;33;16404.1;14;64;6.3;0.0;0.0;0.0;0.0;0.00;-0.00;
45806.3362997685;2025-05-29 08:04:16;5941793;1;1146.0;33;16404.1;0;0;0.0;0.0;0.0;0.0;0.0;0.00;-0.00;
45806.3495636574;2025-05-29 08:23:22;5953253;2;1.7;33;16404.1;2;71;0.0;0.0;0.0;0.0;0.0;0.00;-0.00;
45806.3495833333;2025-05-29 08:23:24;5953270;1;2320.6;33;16404.1;0;0;0.0;0.0;0.0;0.0;0.0;0.00;-0.00;
45806.3764421296;2025-05-29 09:02:05;5976476;2;21.5;33;16404.1;20;56;4.5;0.0;0.0;0.0;0.0;0.00;-0.00;
45806.3766909722;2025-05-29 09:02:26;5976691;1;61.2;33;16404.1;0;0;0.0;0.0;0.0;0.0;0.0;0.00;-0.00;
45806.3773993056;2025-05-29 09:03:27;5977303;2;16.2;33;16404.1;10;37;6.0;0.0;0.0;0.0;0.0;0.00;-0.00;
45806.3775868056;2025-05-29 09:03:44;5977465;1;6.7;33;16404.1;0;0;0.0;0.0;0.0;0.0;0.0;0.00;-0.00;
45806.3776643519;2025-05-29 09:03:50;5977532;2;3.4;33;16404.1;4;71;0.0;0.0;0.0;0.0;0.0;0.00;-0.00;
45806.3777037037;2025-05-29 09:03:54;5977566;1;25.6;33;16404.1;0;0;0.0;0.0;0.0;0.0;0.0;0.00;-0.00;
45806.3780000000;2025-05-29 09:04:19;5977822;2;6.4;33;16404.1;6;56;1.3;0.0;0.0;0.0;0.0;0.00;-0.00;
45806.3780740741;2025-05-29 09:04:26;5977886;1;32.9;33;16404.1;0;0;0.0;0.0;0.0;0.0;0.0;0.00;-0.00;
45806.3784548611;2025-05-29 09:04:59;5978215;2;11.1;33;16404.1;6;32;1.5;0.0;0.0;0.0;0.0;0.00;-0.00;
45806.3785833333;2025-05-29 09:05:10;5978326;1;197.0;33;16404.1;0;0;0.0;0.0;0.0;0.0;0.0;0.00;-0.00;
45806.3808634259;2025-05-29 09:08:27;5980296;2;12.6;33;16404.1;12;57;10.7;0.0;0.0;0.0;0.0;0.00;-0.00;
45806.3810092593;2025-05-29 09:08:39;5980422;1;131.6;33;16404.1;0;0;0.0;0.0;0.0;0.0;0.0;0.00;-0.00;
45806.3825324074;2025-05-29 09:10:51;5981738;2;28.1;33;16404.1;24;51;10.7;0.0;0.0;0.0;0.0;0.00;-0.00;
45806.3828576389;2025-05-29 09:11:19;5982019;1;6596.4;33;16404.1;0;0;0.0;0.0;0.0;0.0;0.0;0.00;-0.00;
